; Generated by the notebook slicer
; layer_height=0.25 extrusion_width=0.45 perimeters=3 infill_density=0.15
; nozzle_diameter=0.4mm filament_diameter=1.75mm
G21 ; units: millimeters
G90 ; absolute X/Y/Z positioning
M83 ; relative extrusion
M140 S60.0 ; set bed temp, don't wait
M104 S200.0 ; set nozzle temp, don't wait
M190 S60.0 ; wait for bed temp
M109 S200.0 ; wait for nozzle temp
;TYPE:Custom
G28 ; home all axes
G92 E0 ; reset extruder position
;LAYER_CHANGE
;Z:0.250
;HEIGHT:0.250
; LAYER:0
G1 F7200 Z0.2500
;TYPE:External perimeter
;WIDTH:0.4500
G1 F2100 E-1.00000
G0 F7200 X100.2250 Y100.2250
G1 F2100 E1.00000
G1 F1200 X100.2250 Y119.7750 E0.91439
G1 F1200 X119.7750 Y119.7750 E0.91439
G1 F1200 X119.7750 Y100.2250 E0.91439
G1 F1200 X100.2250 Y100.2250 E0.91439
G1 F2100 E-1.00000
G0 F7200 X116.2250 Y116.2250
G1 F2100 E1.00000
G1 F1200 X103.7750 Y116.2250 E0.58231
G1 F1200 X103.7750 Y103.7750 E0.58231
G1 F1200 X116.2250 Y103.7750 E0.58231
G1 F1200 X116.2250 Y116.2250 E0.58231
;TYPE:Perimeter
;WIDTH:0.4500
G1 F2100 E-1.00000
G0 F7200 X100.6750 Y100.6750
G1 F2100 E1.00000
G1 F1200 X100.6750 Y119.3250 E0.87230
G1 F1200 X119.3250 Y119.3250 E0.87230
G1 F1200 X119.3250 Y100.6750 E0.87230
G1 F1200 X100.6750 Y100.6750 E0.87230
G1 F2100 E-1.00000
G0 F7200 X116.6750 Y116.6750
G1 F2100 E1.00000
G1 F1200 X103.3250 Y116.6750 E0.62441
G1 F1200 X103.3250 Y103.3250 E0.62441
G1 F1200 X116.6750 Y103.3250 E0.62441
G1 F1200 X116.6750 Y116.6750 E0.62441
G1 F2100 E-1.00000
G0 F7200 X101.1250 Y101.1250
G1 F2100 E1.00000
G1 F1200 X101.1250 Y118.8750 E0.83020
G1 F1200 X118.8750 Y118.8750 E0.83020
G1 F1200 X118.8750 Y101.1250 E0.83020
G1 F1200 X101.1250 Y101.1250 E0.83020
G1 F2100 E-1.00000
G0 F7200 X117.1250 Y117.1250
G1 F2100 E1.00000
G1 F1200 X102.8750 Y117.1250 E0.66650
G1 F1200 X102.8750 Y102.8750 E0.66650
G1 F1200 X117.1250 Y102.8750 E0.66650
G1 F1200 X117.1250 Y117.1250 E0.66650
;TYPE:Internal infill
;WIDTH:0.4500
G1 F2100 E-1.00000
G0 F7200 X116.0519 Y117.3500
G1 F2100 E1.00000
G1 F1200 X116.1267 Y117.6427 E0.01413
G1 F1200 X116.2180 Y118.2575 E0.02907
G1 F1200 X116.3137 Y118.6500 E0.01889
G1 F2100 E-1.00000
G0 F7200 X118.6500 Y116.9867
G1 F2100 E1.00000
G1 F1200 X118.4777 Y116.7039 E0.01549
G1 F1200 X118.3393 Y116.1362 E0.02733
G1 F1200 X118.2480 Y115.5213 E0.02907
G1 F1200 X118.1042 Y114.9590 E0.02715
G1 F1200 X117.8282 Y114.5290 E0.02390
G1 F1200 X117.3905 Y114.2605 E0.02401
G1 F1200 X117.3500 Y114.2506 E0.00195
G1 F2100 E-1.00000
G0 F7200 X118.6500 Y111.9564
G1 F2100 E1.00000
G1 F1200 X118.3299 Y111.9089 E0.01514
G1 F1200 X117.7669 Y111.7658 E0.02717
G1 F1200 X117.3500 Y111.4999 E0.02313
G1 F2100 E-1.00000
G0 F7200 X118.6500 Y106.9289
G1 F2100 E1.00000
G1 F1200 X118.5402 Y106.7557 E0.00959
G1 F1200 X118.1047 Y106.4851 E0.02398
G1 F1200 X117.5390 Y106.3447 E0.02726
G1 F1200 X117.3500 Y106.3166 E0.00894
G1 F2100 E-1.00000
G0 F7200 X118.6500 Y104.0328
G1 F2100 E1.00000
G1 F1200 X118.4811 Y103.9904 E0.00815
G1 F1200 X118.0477 Y103.7176 E0.02395
G1 F1200 X117.7760 Y103.2832 E0.02397
G1 F1200 X117.6349 Y102.7181 E0.02724
G1 F1200 X117.5437 Y102.1032 E0.02908
G1 F1200 X117.4027 Y101.5382 E0.02724
G1 F1200 X117.2850 Y101.3500 E0.01038
G1 F2100 E-1.00000
G0 F7200 X113.1178 Y102.6500
G1 F2100 E1.00000
G1 F1200 X112.8313 Y102.5789 E0.01381
G1 F1200 X112.3958 Y102.3083 E0.02398
G1 F1200 X112.1219 Y101.8760 E0.02393
G1 F1200 X111.9890 Y101.3500 E0.02538
G1 F2100 E-1.00000
G0 F7200 X109.7253 Y102.6500
G1 F2100 E1.00000
G1 F1200 X109.6272 Y102.2524 E0.01915
G1 F1200 X109.3577 Y101.8158 E0.02400
G1 F1200 X108.9265 Y101.5408 E0.02392
G1 F1200 X108.3635 Y101.3977 E0.02717
G1 F1200 X108.0420 Y101.3500 E0.01520
G1 F2100 E-1.00000
G0 F7200 X104.3849 Y102.6500
G1 F2100 E1.00000
G1 F1200 X104.3465 Y102.5902 E0.00332
G1 F1200 X104.2027 Y102.0279 E0.02715
G1 F1200 X104.1115 Y101.4130 E0.02907
G1 F1200 X104.0961 Y101.3500 E0.00303
G1 F2100 E-1.00000
G0 F7200 X101.3500 Y102.3764
G1 F2100 E1.00000
G1 F1200 X101.5844 Y102.5279 E0.01305
G1 F1200 X101.8517 Y102.9666 E0.02403
G1 F1200 X101.9902 Y103.5343 E0.02733
G1 F1200 X102.0814 Y104.1492 E0.02907
G1 F1200 X102.2252 Y104.7115 E0.02715
G1 F1200 X102.5013 Y105.1416 E0.02390
G1 F1200 X102.6500 Y105.2328 E0.00816
G1 F2100 E-1.00000
G0 F7200 X102.6500 Y107.9605
G1 F2100 E1.00000
G1 F1200 X102.5626 Y107.9048 E0.00485
G1 F1200 X101.9996 Y107.7617 E0.02717
G1 F1200 X101.3847 Y107.6704 E0.02907
G1 F1200 X101.3500 Y107.6619 E0.00167
G1 F2100 E-1.00000
G0 F7200 X101.3500 Y111.7647
G1 F2100 E1.00000
G1 F1200 X101.3729 Y111.9190 E0.00729
G1 F1200 X101.5153 Y112.4826 E0.02719
G1 F1200 X101.7892 Y112.9149 E0.02393
G1 F1200 X102.2247 Y113.1855 E0.02398
G1 F1200 X102.6500 Y113.2911 E0.02050
G1 F2100 E-1.00000
G0 F7200 X101.3500 Y115.5550
G1 F2100 E1.00000
G1 F1200 X101.8484 Y115.6802 E0.02403
G1 F1200 X102.2817 Y115.9530 E0.02395
G1 F1200 X102.5534 Y116.3874 E0.02397
G1 F1200 X102.6500 Y116.7742 E0.01865
G1 F2100 E-1.00000
G0 F7200 X102.7535 Y117.3500
G1 F2100 E1.00000
G1 F1200 X102.7857 Y117.5674 E0.01028
G1 F1200 X102.9268 Y118.1324 E0.02724
G1 F1200 X103.1985 Y118.5668 E0.02397
G1 F1200 X103.3306 Y118.6500 E0.00730
G1 F2100 E-1.00000
G0 F7200 X107.9139 Y117.3500
G1 F2100 E1.00000
G1 F1200 X107.9336 Y117.3623 E0.00109
G1 F1200 X108.2075 Y117.7945 E0.02393
G1 F1200 X108.3500 Y118.3582 E0.02719
G1 F1200 X108.3932 Y118.6500 E0.01380
G1 F2100 E-1.00000
G0 F7200 X110.6854 Y117.3500
G1 F2100 E1.00000
G1 F1200 X110.7022 Y117.4182 E0.00328
G1 F1200 X110.9718 Y117.8548 E0.02400
G1 F1200 X111.4029 Y118.1297 E0.02392
G1 F1200 X111.9659 Y118.2729 E0.02717
G1 F1200 X112.5808 Y118.3641 E0.02907
G1 F1200 X113.1479 Y118.5032 E0.02731
G1 F1200 X113.3872 Y118.6500 E0.01314
;LAYER_CHANGE
;Z:0.500
;HEIGHT:0.250
; LAYER:1
G1 F7200 Z0.5000
;TYPE:External perimeter
;WIDTH:0.4500
G1 F2100 E-1.00000
G0 F7200 X100.2250 Y100.2250
G1 F2100 E1.00000
G1 F2400 X100.2250 Y119.7750 E0.91439
G1 F2400 X119.7750 Y119.7750 E0.91439
G1 F2400 X119.7750 Y100.2250 E0.91439
G1 F2400 X100.2250 Y100.2250 E0.91439
G1 F2100 E-1.00000
G0 F7200 X116.2250 Y116.2250
G1 F2100 E1.00000
G1 F2400 X103.7750 Y116.2250 E0.58231
G1 F2400 X103.7750 Y103.7750 E0.58231
G1 F2400 X116.2250 Y103.7750 E0.58231
G1 F2400 X116.2250 Y116.2250 E0.58231
;TYPE:Perimeter
;WIDTH:0.4500
G1 F2100 E-1.00000
G0 F7200 X100.6750 Y100.6750
G1 F2100 E1.00000
G1 F2400 X100.6750 Y119.3250 E0.87230
G1 F2400 X119.3250 Y119.3250 E0.87230
G1 F2400 X119.3250 Y100.6750 E0.87230
G1 F2400 X100.6750 Y100.6750 E0.87230
G1 F2100 E-1.00000
G0 F7200 X116.6750 Y116.6750
G1 F2100 E1.00000
G1 F2400 X103.3250 Y116.6750 E0.62441
G1 F2400 X103.3250 Y103.3250 E0.62441
G1 F2400 X116.6750 Y103.3250 E0.62441
G1 F2400 X116.6750 Y116.6750 E0.62441
G1 F2100 E-1.00000
G0 F7200 X101.1250 Y101.1250
G1 F2100 E1.00000
G1 F2400 X101.1250 Y118.8750 E0.83020
G1 F2400 X118.8750 Y118.8750 E0.83020
G1 F2400 X118.8750 Y101.1250 E0.83020
G1 F2400 X101.1250 Y101.1250 E0.83020
G1 F2100 E-1.00000
G0 F7200 X117.1250 Y117.1250
G1 F2100 E1.00000
G1 F2400 X102.8750 Y117.1250 E0.66650
G1 F2400 X102.8750 Y102.8750 E0.66650
G1 F2400 X117.1250 Y102.8750 E0.66650
G1 F2400 X117.1250 Y117.1250 E0.66650
;TYPE:Internal infill
;WIDTH:0.4500
G1 F2100 E-1.00000
G0 F7200 X118.6500 Y117.2850
G1 F2100 E1.00000
G1 F2400 X118.4618 Y117.4027 E0.01038
G1 F2400 X117.8968 Y117.5437 E0.02724
G1 F2400 X117.2819 Y117.6349 E0.02908
G1 F2400 X116.7168 Y117.7760 E0.02724
G1 F2400 X116.2824 Y118.0477 E0.02397
G1 F2400 X116.0096 Y118.4811 E0.02395
G1 F2400 X115.9672 Y118.6500 E0.00815
G1 F2100 E-1.00000
G0 F7200 X113.6834 Y117.3500
G1 F2100 E1.00000
G1 F2400 X113.6553 Y117.5390 E0.00894
G1 F2400 X113.5149 Y118.1047 E0.02726
G1 F2400 X113.2443 Y118.5402 E0.02398
G1 F2400 X113.0711 Y118.6500 E0.00959
G1 F2100 E-1.00000
G0 F7200 X108.5001 Y117.3500
G1 F2100 E1.00000
G1 F2400 X108.2342 Y117.7669 E0.02313
G1 F2400 X108.0911 Y118.3299 E0.02717
G1 F2400 X108.0436 Y118.6500 E0.01514
G1 F2100 E-1.00000
G0 F7200 X105.7494 Y117.3500
G1 F2100 E1.00000
G1 F2400 X105.7395 Y117.3905 E0.00195
G1 F2400 X105.4710 Y117.8282 E0.02401
G1 F2400 X105.0410 Y118.1042 E0.02390
G1 F2400 X104.4787 Y118.2480 E0.02715
G1 F2400 X103.8638 Y118.3393 E0.02907
G1 F2400 X103.2961 Y118.4777 E0.02733
G1 F2400 X103.0133 Y118.6500 E0.01549
G1 F2100 E-1.00000
G0 F7200 X102.6500 Y116.0519
G1 F2100 E1.00000
G1 F2400 X102.3573 Y116.1267 E0.01413
G1 F2400 X101.7425 Y116.2180 E0.02907
G1 F2400 X101.3500 Y116.3137 E0.01889
G1 F2100 E-1.00000
G0 F7200 X101.3500 Y113.3872
G1 F2100 E1.00000
G1 F2400 X101.4968 Y113.1479 E0.01314
G1 F2400 X101.6359 Y112.5808 E0.02731
G1 F2400 X101.7271 Y111.9659 E0.02907
G1 F2400 X101.8703 Y111.4029 E0.02717
G1 F2400 X102.1452 Y110.9718 E0.02392
G1 F2400 X102.5818 Y110.7022 E0.02400
G1 F2400 X102.6500 Y110.6854 E0.00328
G1 F2100 E-1.00000
G0 F7200 X101.3500 Y108.3932
G1 F2100 E1.00000
G1 F2400 X101.6418 Y108.3500 E0.01380
G1 F2400 X102.2055 Y108.2075 E0.02719
G1 F2400 X102.6377 Y107.9336 E0.02393
G1 F2400 X102.6500 Y107.9139 E0.00109
G1 F2100 E-1.00000
G0 F7200 X101.3500 Y103.3306
G1 F2100 E1.00000
G1 F2400 X101.4332 Y103.1985 E0.00730
G1 F2400 X101.8676 Y102.9268 E0.02397
G1 F2400 X102.4326 Y102.7857 E0.02724
G1 F2400 X102.6500 Y102.7535 E0.01028
G1 F2100 E-1.00000
G0 F7200 X103.2258 Y102.6500
G1 F2100 E1.00000
G1 F2400 X103.6126 Y102.5534 E0.01865
G1 F2400 X104.0470 Y102.2817 E0.02397
G1 F2400 X104.3198 Y101.8484 E0.02395
G1 F2400 X104.4450 Y101.3500 E0.02403
G1 F2100 E-1.00000
G0 F7200 X106.7089 Y102.6500
G1 F2100 E1.00000
G1 F2400 X106.8145 Y102.2247 E0.02050
G1 F2400 X107.0851 Y101.7892 E0.02398
G1 F2400 X107.5174 Y101.5153 E0.02393
G1 F2400 X108.0810 Y101.3729 E0.02719
G1 F2400 X108.2353 Y101.3500 E0.00729
G1 F2100 E-1.00000
G0 F7200 X112.0395 Y102.6500
G1 F2100 E1.00000
G1 F2400 X112.0952 Y102.5626 E0.00485
G1 F2400 X112.2383 Y101.9996 E0.02717
G1 F2400 X112.3296 Y101.3847 E0.02907
G1 F2400 X112.3381 Y101.3500 E0.00167
G1 F2100 E-1.00000
G0 F7200 X114.7672 Y102.6500
G1 F2100 E1.00000
G1 F2400 X114.8584 Y102.5013 E0.00816
G1 F2400 X115.2885 Y102.2252 E0.02390
G1 F2400 X115.8508 Y102.0814 E0.02715
G1 F2400 X116.4657 Y101.9902 E0.02907
G1 F2400 X117.0334 Y101.8517 E0.02733
G1 F2400 X117.4721 Y101.5844 E0.02403
G1 F2400 X117.6236 Y101.3500 E0.01305
G1 F2100 E-1.00000
G0 F7200 X118.6500 Y104.0961
G1 F2100 E1.00000
G1 F2400 X118.5870 Y104.1115 E0.00303
G1 F2400 X117.9721 Y104.2027 E0.02907
G1 F2400 X117.4098 Y104.3465 E0.02715
G1 F2400 X117.3500 Y104.3849 E0.00332
G1 F2100 E-1.00000
G0 F7200 X118.6500 Y108.0420
G1 F2100 E1.00000
G1 F2400 X118.6023 Y108.3635 E0.01520
G1 F2400 X118.4592 Y108.9265 E0.02717
G1 F2400 X118.1842 Y109.3577 E0.02392
G1 F2400 X117.7476 Y109.6272 E0.02400
G1 F2400 X117.3500 Y109.7253 E0.01915
G1 F2100 E-1.00000
G0 F7200 X118.6500 Y111.9890
G1 F2100 E1.00000
G1 F2400 X118.1240 Y112.1219 E0.02538
G1 F2400 X117.6917 Y112.3958 E0.02393
G1 F2400 X117.4211 Y112.8313 E0.02398
G1 F2400 X117.3500 Y113.1178 E0.01381
;LAYER_CHANGE
;Z:0.750
;HEIGHT:0.250
; LAYER:2
G1 F7200 Z0.7500
;TYPE:External perimeter
;WIDTH:0.4500
G1 F2100 E-1.00000
G0 F7200 X100.2250 Y100.2250
G1 F2100 E1.00000
G1 F2400 X100.2250 Y119.7750 E0.91439
G1 F2400 X119.7750 Y119.7750 E0.91439
G1 F2400 X119.7750 Y100.2250 E0.91439
G1 F2400 X100.2250 Y100.2250 E0.91439
G1 F2100 E-1.00000
G0 F7200 X116.2250 Y116.2250
G1 F2100 E1.00000
G1 F2400 X103.7750 Y116.2250 E0.58231
G1 F2400 X103.7750 Y103.7750 E0.58231
G1 F2400 X116.2250 Y103.7750 E0.58231
G1 F2400 X116.2250 Y116.2250 E0.58231
;TYPE:Perimeter
;WIDTH:0.4500
G1 F2100 E-1.00000
G0 F7200 X100.6750 Y100.6750
G1 F2100 E1.00000
G1 F2400 X100.6750 Y119.3250 E0.87230
G1 F2400 X119.3250 Y119.3250 E0.87230
G1 F2400 X119.3250 Y100.6750 E0.87230
G1 F2400 X100.6750 Y100.6750 E0.87230
G1 F2100 E-1.00000
G0 F7200 X116.6750 Y116.6750
G1 F2100 E1.00000
G1 F2400 X103.3250 Y116.6750 E0.62441
G1 F2400 X103.3250 Y103.3250 E0.62441
G1 F2400 X116.6750 Y103.3250 E0.62441
G1 F2400 X116.6750 Y116.6750 E0.62441
G1 F2100 E-1.00000
G0 F7200 X101.1250 Y101.1250
G1 F2100 E1.00000
G1 F2400 X101.1250 Y118.8750 E0.83020
G1 F2400 X118.8750 Y118.8750 E0.83020
G1 F2400 X118.8750 Y101.1250 E0.83020
G1 F2400 X101.1250 Y101.1250 E0.83020
G1 F2100 E-1.00000
G0 F7200 X117.1250 Y117.1250
G1 F2100 E1.00000
G1 F2400 X102.8750 Y117.1250 E0.66650
G1 F2400 X102.8750 Y102.8750 E0.66650
G1 F2400 X117.1250 Y102.8750 E0.66650
G1 F2400 X117.1250 Y117.1250 E0.66650
;TYPE:Internal infill
;WIDTH:0.4500
G1 F2100 E-1.00000
G0 F7200 X116.0519 Y117.3500
G1 F2100 E1.00000
G1 F2400 X116.1267 Y117.6427 E0.01413
G1 F2400 X116.2180 Y118.2575 E0.02907
G1 F2400 X116.3137 Y118.6500 E0.01889
G1 F2100 E-1.00000
G0 F7200 X118.6500 Y116.9867
G1 F2100 E1.00000
G1 F2400 X118.4777 Y116.7039 E0.01549
G1 F2400 X118.3393 Y116.1362 E0.02733
G1 F2400 X118.2480 Y115.5213 E0.02907
G1 F2400 X118.1042 Y114.9590 E0.02715
G1 F2400 X117.8282 Y114.5290 E0.02390
G1 F2400 X117.3905 Y114.2605 E0.02401
G1 F2400 X117.3500 Y114.2506 E0.00195
G1 F2100 E-1.00000
G0 F7200 X118.6500 Y111.9564
G1 F2100 E1.00000
G1 F2400 X118.3299 Y111.9089 E0.01514
G1 F2400 X117.7669 Y111.7658 E0.02717
G1 F2400 X117.3500 Y111.4999 E0.02313
G1 F2100 E-1.00000
G0 F7200 X118.6500 Y106.9289
G1 F2100 E1.00000
G1 F2400 X118.5402 Y106.7557 E0.00959
G1 F2400 X118.1047 Y106.4851 E0.02398
G1 F2400 X117.5390 Y106.3447 E0.02726
G1 F2400 X117.3500 Y106.3166 E0.00894
G1 F2100 E-1.00000
G0 F7200 X118.6500 Y104.0328
G1 F2100 E1.00000
G1 F2400 X118.4811 Y103.9904 E0.00815
G1 F2400 X118.0477 Y103.7176 E0.02395
G1 F2400 X117.7760 Y103.2832 E0.02397
G1 F2400 X117.6349 Y102.7181 E0.02724
G1 F2400 X117.5437 Y102.1032 E0.02908
G1 F2400 X117.4027 Y101.5382 E0.02724
G1 F2400 X117.2850 Y101.3500 E0.01038
G1 F2100 E-1.00000
G0 F7200 X113.1178 Y102.6500
G1 F2100 E1.00000
G1 F2400 X112.8313 Y102.5789 E0.01381
G1 F2400 X112.3958 Y102.3083 E0.02398
G1 F2400 X112.1219 Y101.8760 E0.02393
G1 F2400 X111.9890 Y101.3500 E0.02538
G1 F2100 E-1.00000
G0 F7200 X109.7253 Y102.6500
G1 F2100 E1.00000
G1 F2400 X109.6272 Y102.2524 E0.01915
G1 F2400 X109.3577 Y101.8158 E0.02400
G1 F2400 X108.9265 Y101.5408 E0.02392
G1 F2400 X108.3635 Y101.3977 E0.02717
G1 F2400 X108.0420 Y101.3500 E0.01520
G1 F2100 E-1.00000
G0 F7200 X104.3849 Y102.6500
G1 F2100 E1.00000
G1 F2400 X104.3465 Y102.5902 E0.00332
G1 F2400 X104.2027 Y102.0279 E0.02715
G1 F2400 X104.1115 Y101.4130 E0.02907
G1 F2400 X104.0961 Y101.3500 E0.00303
G1 F2100 E-1.00000
G0 F7200 X101.3500 Y102.3764
G1 F2100 E1.00000
G1 F2400 X101.5844 Y102.5279 E0.01305
G1 F2400 X101.8517 Y102.9666 E0.02403
G1 F2400 X101.9902 Y103.5343 E0.02733
G1 F2400 X102.0814 Y104.1492 E0.02907
G1 F2400 X102.2252 Y104.7115 E0.02715
G1 F2400 X102.5013 Y105.1416 E0.02390
G1 F2400 X102.6500 Y105.2328 E0.00816
G1 F2100 E-1.00000
G0 F7200 X102.6500 Y107.9605
G1 F2100 E1.00000
G1 F2400 X102.5626 Y107.9048 E0.00485
G1 F2400 X101.9996 Y107.7617 E0.02717
G1 F2400 X101.3847 Y107.6704 E0.02907
G1 F2400 X101.3500 Y107.6619 E0.00167
G1 F2100 E-1.00000
G0 F7200 X101.3500 Y111.7647
G1 F2100 E1.00000
G1 F2400 X101.3729 Y111.9190 E0.00729
G1 F2400 X101.5153 Y112.4826 E0.02719
G1 F2400 X101.7892 Y112.9149 E0.02393
G1 F2400 X102.2247 Y113.1855 E0.02398
G1 F2400 X102.6500 Y113.2911 E0.02050
G1 F2100 E-1.00000
G0 F7200 X101.3500 Y115.5550
G1 F2100 E1.00000
G1 F2400 X101.8484 Y115.6802 E0.02403
G1 F2400 X102.2817 Y115.9530 E0.02395
G1 F2400 X102.5534 Y116.3874 E0.02397
G1 F2400 X102.6500 Y116.7742 E0.01865
G1 F2100 E-1.00000
G0 F7200 X102.7535 Y117.3500
G1 F2100 E1.00000
G1 F2400 X102.7857 Y117.5674 E0.01028
G1 F2400 X102.9268 Y118.1324 E0.02724
G1 F2400 X103.1985 Y118.5668 E0.02397
G1 F2400 X103.3306 Y118.6500 E0.00730
G1 F2100 E-1.00000
G0 F7200 X107.9139 Y117.3500
G1 F2100 E1.00000
G1 F2400 X107.9336 Y117.3623 E0.00109
G1 F2400 X108.2075 Y117.7945 E0.02393
G1 F2400 X108.3500 Y118.3582 E0.02719
G1 F2400 X108.3932 Y118.6500 E0.01380
G1 F2100 E-1.00000
G0 F7200 X110.6854 Y117.3500
G1 F2100 E1.00000
G1 F2400 X110.7022 Y117.4182 E0.00328
G1 F2400 X110.9718 Y117.8548 E0.02400
G1 F2400 X111.4029 Y118.1297 E0.02392
G1 F2400 X111.9659 Y118.2729 E0.02717
G1 F2400 X112.5808 Y118.3641 E0.02907
G1 F2400 X113.1479 Y118.5032 E0.02731
G1 F2400 X113.3872 Y118.6500 E0.01314
;LAYER_CHANGE
;Z:1.000
;HEIGHT:0.250
; LAYER:3
G1 F7200 Z1.0000
;TYPE:External perimeter
;WIDTH:0.4500
G1 F2100 E-1.00000
G0 F7200 X100.2250 Y100.2250
G1 F2100 E1.00000
G1 F2400 X100.2250 Y119.7750 E0.91439
G1 F2400 X119.7750 Y119.7750 E0.91439
G1 F2400 X119.7750 Y100.2250 E0.91439
G1 F2400 X100.2250 Y100.2250 E0.91439
G1 F2100 E-1.00000
G0 F7200 X116.2250 Y116.2250
G1 F2100 E1.00000
G1 F2400 X103.7750 Y116.2250 E0.58231
G1 F2400 X103.7750 Y103.7750 E0.58231
G1 F2400 X116.2250 Y103.7750 E0.58231
G1 F2400 X116.2250 Y116.2250 E0.58231
;TYPE:Perimeter
;WIDTH:0.4500
G1 F2100 E-1.00000
G0 F7200 X100.6750 Y100.6750
G1 F2100 E1.00000
G1 F2400 X100.6750 Y119.3250 E0.87230
G1 F2400 X119.3250 Y119.3250 E0.87230
G1 F2400 X119.3250 Y100.6750 E0.87230
G1 F2400 X100.6750 Y100.6750 E0.87230
G1 F2100 E-1.00000
G0 F7200 X116.6750 Y116.6750
G1 F2100 E1.00000
G1 F2400 X103.3250 Y116.6750 E0.62441
G1 F2400 X103.3250 Y103.3250 E0.62441
G1 F2400 X116.6750 Y103.3250 E0.62441
G1 F2400 X116.6750 Y116.6750 E0.62441
G1 F2100 E-1.00000
G0 F7200 X101.1250 Y101.1250
G1 F2100 E1.00000
G1 F2400 X101.1250 Y118.8750 E0.83020
G1 F2400 X118.8750 Y118.8750 E0.83020
G1 F2400 X118.8750 Y101.1250 E0.83020
G1 F2400 X101.1250 Y101.1250 E0.83020
G1 F2100 E-1.00000
G0 F7200 X117.1250 Y117.1250
G1 F2100 E1.00000
G1 F2400 X102.8750 Y117.1250 E0.66650
G1 F2400 X102.8750 Y102.8750 E0.66650
G1 F2400 X117.1250 Y102.8750 E0.66650
G1 F2400 X117.1250 Y117.1250 E0.66650
;TYPE:Internal infill
;WIDTH:0.4500
G1 F2100 E-1.00000
G0 F7200 X118.6500 Y117.2850
G1 F2100 E1.00000
G1 F2400 X118.4618 Y117.4027 E0.01038
G1 F2400 X117.8968 Y117.5437 E0.02724
G1 F2400 X117.2819 Y117.6349 E0.02908
G1 F2400 X116.7168 Y117.7760 E0.02724
G1 F2400 X116.2824 Y118.0477 E0.02397
G1 F2400 X116.0096 Y118.4811 E0.02395
G1 F2400 X115.9672 Y118.6500 E0.00815
G1 F2100 E-1.00000
G0 F7200 X113.6834 Y117.3500
G1 F2100 E1.00000
G1 F2400 X113.6553 Y117.5390 E0.00894
G1 F2400 X113.5149 Y118.1047 E0.02726
G1 F2400 X113.2443 Y118.5402 E0.02398
G1 F2400 X113.0711 Y118.6500 E0.00959
G1 F2100 E-1.00000
G0 F7200 X108.5001 Y117.3500
G1 F2100 E1.00000
G1 F2400 X108.2342 Y117.7669 E0.02313
G1 F2400 X108.0911 Y118.3299 E0.02717
G1 F2400 X108.0436 Y118.6500 E0.01514
G1 F2100 E-1.00000
G0 F7200 X105.7494 Y117.3500
G1 F2100 E1.00000
G1 F2400 X105.7395 Y117.3905 E0.00195
G1 F2400 X105.4710 Y117.8282 E0.02401
G1 F2400 X105.0410 Y118.1042 E0.02390
G1 F2400 X104.4787 Y118.2480 E0.02715
G1 F2400 X103.8638 Y118.3393 E0.02907
G1 F2400 X103.2961 Y118.4777 E0.02733
G1 F2400 X103.0133 Y118.6500 E0.01549
G1 F2100 E-1.00000
G0 F7200 X102.6500 Y116.0519
G1 F2100 E1.00000
G1 F2400 X102.3573 Y116.1267 E0.01413
G1 F2400 X101.7425 Y116.2180 E0.02907
G1 F2400 X101.3500 Y116.3137 E0.01889
G1 F2100 E-1.00000
G0 F7200 X101.3500 Y113.3872
G1 F2100 E1.00000
G1 F2400 X101.4968 Y113.1479 E0.01314
G1 F2400 X101.6359 Y112.5808 E0.02731
G1 F2400 X101.7271 Y111.9659 E0.02907
G1 F2400 X101.8703 Y111.4029 E0.02717
G1 F2400 X102.1452 Y110.9718 E0.02392
G1 F2400 X102.5818 Y110.7022 E0.02400
G1 F2400 X102.6500 Y110.6854 E0.00328
G1 F2100 E-1.00000
G0 F7200 X101.3500 Y108.3932
G1 F2100 E1.00000
G1 F2400 X101.6418 Y108.3500 E0.01380
G1 F2400 X102.2055 Y108.2075 E0.02719
G1 F2400 X102.6377 Y107.9336 E0.02393
G1 F2400 X102.6500 Y107.9139 E0.00109
G1 F2100 E-1.00000
G0 F7200 X101.3500 Y103.3306
G1 F2100 E1.00000
G1 F2400 X101.4332 Y103.1985 E0.00730
G1 F2400 X101.8676 Y102.9268 E0.02397
G1 F2400 X102.4326 Y102.7857 E0.02724
G1 F2400 X102.6500 Y102.7535 E0.01028
G1 F2100 E-1.00000
G0 F7200 X103.2258 Y102.6500
G1 F2100 E1.00000
G1 F2400 X103.6126 Y102.5534 E0.01865
G1 F2400 X104.0470 Y102.2817 E0.02397
G1 F2400 X104.3198 Y101.8484 E0.02395
G1 F2400 X104.4450 Y101.3500 E0.02403
G1 F2100 E-1.00000
G0 F7200 X106.7089 Y102.6500
G1 F2100 E1.00000
G1 F2400 X106.8145 Y102.2247 E0.02050
G1 F2400 X107.0851 Y101.7892 E0.02398
G1 F2400 X107.5174 Y101.5153 E0.02393
G1 F2400 X108.0810 Y101.3729 E0.02719
G1 F2400 X108.2353 Y101.3500 E0.00729
G1 F2100 E-1.00000
G0 F7200 X112.0395 Y102.6500
G1 F2100 E1.00000
G1 F2400 X112.0952 Y102.5626 E0.00485
G1 F2400 X112.2383 Y101.9996 E0.02717
G1 F2400 X112.3296 Y101.3847 E0.02907
G1 F2400 X112.3381 Y101.3500 E0.00167
G1 F2100 E-1.00000
G0 F7200 X114.7672 Y102.6500
G1 F2100 E1.00000
G1 F2400 X114.8584 Y102.5013 E0.00816
G1 F2400 X115.2885 Y102.2252 E0.02390
G1 F2400 X115.8508 Y102.0814 E0.02715
G1 F2400 X116.4657 Y101.9902 E0.02907
G1 F2400 X117.0334 Y101.8517 E0.02733
G1 F2400 X117.4721 Y101.5844 E0.02403
G1 F2400 X117.6236 Y101.3500 E0.01305
G1 F2100 E-1.00000
G0 F7200 X118.6500 Y104.0961
G1 F2100 E1.00000
G1 F2400 X118.5870 Y104.1115 E0.00303
G1 F2400 X117.9721 Y104.2027 E0.02907
G1 F2400 X117.4098 Y104.3465 E0.02715
G1 F2400 X117.3500 Y104.3849 E0.00332
G1 F2100 E-1.00000
G0 F7200 X118.6500 Y108.0420
G1 F2100 E1.00000
G1 F2400 X118.6023 Y108.3635 E0.01520
G1 F2400 X118.4592 Y108.9265 E0.02717
G1 F2400 X118.1842 Y109.3577 E0.02392
G1 F2400 X117.7476 Y109.6272 E0.02400
G1 F2400 X117.3500 Y109.7253 E0.01915
G1 F2100 E-1.00000
G0 F7200 X118.6500 Y111.9890
G1 F2100 E1.00000
G1 F2400 X118.1240 Y112.1219 E0.02538
G1 F2400 X117.6917 Y112.3958 E0.02393
G1 F2400 X117.4211 Y112.8313 E0.02398
G1 F2400 X117.3500 Y113.1178 E0.01381
;LAYER_CHANGE
;Z:1.250
;HEIGHT:0.250
; LAYER:4
G1 F7200 Z1.2500
;TYPE:External perimeter
;WIDTH:0.4500
G1 F2100 E-1.00000
G0 F7200 X100.2250 Y100.2250
G1 F2100 E1.00000
G1 F2400 X100.2250 Y119.7750 E0.91439
G1 F2400 X119.7750 Y119.7750 E0.91439
G1 F2400 X119.7750 Y100.2250 E0.91439
G1 F2400 X100.2250 Y100.2250 E0.91439
G1 F2100 E-1.00000
G0 F7200 X116.2250 Y116.2250
G1 F2100 E1.00000
G1 F2400 X103.7750 Y116.2250 E0.58231
G1 F2400 X103.7750 Y103.7750 E0.58231
G1 F2400 X116.2250 Y103.7750 E0.58231
G1 F2400 X116.2250 Y116.2250 E0.58231
;TYPE:Perimeter
;WIDTH:0.4500
G1 F2100 E-1.00000
G0 F7200 X100.6750 Y100.6750
G1 F2100 E1.00000
G1 F2400 X100.6750 Y119.3250 E0.87230
G1 F2400 X119.3250 Y119.3250 E0.87230
G1 F2400 X119.3250 Y100.6750 E0.87230
G1 F2400 X100.6750 Y100.6750 E0.87230
G1 F2100 E-1.00000
G0 F7200 X116.6750 Y116.6750
G1 F2100 E1.00000
G1 F2400 X103.3250 Y116.6750 E0.62441
G1 F2400 X103.3250 Y103.3250 E0.62441
G1 F2400 X116.6750 Y103.3250 E0.62441
G1 F2400 X116.6750 Y116.6750 E0.62441
G1 F2100 E-1.00000
G0 F7200 X101.1250 Y101.1250
G1 F2100 E1.00000
G1 F2400 X101.1250 Y118.8750 E0.83020
G1 F2400 X118.8750 Y118.8750 E0.83020
G1 F2400 X118.8750 Y101.1250 E0.83020
G1 F2400 X101.1250 Y101.1250 E0.83020
G1 F2100 E-1.00000
G0 F7200 X117.1250 Y117.1250
G1 F2100 E1.00000
G1 F2400 X102.8750 Y117.1250 E0.66650
G1 F2400 X102.8750 Y102.8750 E0.66650
G1 F2400 X117.1250 Y102.8750 E0.66650
G1 F2400 X117.1250 Y117.1250 E0.66650
;TYPE:Internal infill
;WIDTH:0.4500
G1 F2100 E-1.00000
G0 F7200 X116.0519 Y117.3500
G1 F2100 E1.00000
G1 F2400 X116.1267 Y117.6427 E0.01413
G1 F2400 X116.2180 Y118.2575 E0.02907
G1 F2400 X116.3137 Y118.6500 E0.01889
G1 F2100 E-1.00000
G0 F7200 X118.6500 Y116.9867
G1 F2100 E1.00000
G1 F2400 X118.4777 Y116.7039 E0.01549
G1 F2400 X118.3393 Y116.1362 E0.02733
G1 F2400 X118.2480 Y115.5213 E0.02907
G1 F2400 X118.1042 Y114.9590 E0.02715
G1 F2400 X117.8282 Y114.5290 E0.02390
G1 F2400 X117.3905 Y114.2605 E0.02401
G1 F2400 X117.3500 Y114.2506 E0.00195
G1 F2100 E-1.00000
G0 F7200 X118.6500 Y111.9564
G1 F2100 E1.00000
G1 F2400 X118.3299 Y111.9089 E0.01514
G1 F2400 X117.7669 Y111.7658 E0.02717
G1 F2400 X117.3500 Y111.4999 E0.02313
G1 F2100 E-1.00000
G0 F7200 X118.6500 Y106.9289
G1 F2100 E1.00000
G1 F2400 X118.5402 Y106.7557 E0.00959
G1 F2400 X118.1047 Y106.4851 E0.02398
G1 F2400 X117.5390 Y106.3447 E0.02726
G1 F2400 X117.3500 Y106.3166 E0.00894
G1 F2100 E-1.00000
G0 F7200 X118.6500 Y104.0328
G1 F2100 E1.00000
G1 F2400 X118.4811 Y103.9904 E0.00815
G1 F2400 X118.0477 Y103.7176 E0.02395
G1 F2400 X117.7760 Y103.2832 E0.02397
G1 F2400 X117.6349 Y102.7181 E0.02724
G1 F2400 X117.5437 Y102.1032 E0.02908
G1 F2400 X117.4027 Y101.5382 E0.02724
G1 F2400 X117.2850 Y101.3500 E0.01038
G1 F2100 E-1.00000
G0 F7200 X113.1178 Y102.6500
G1 F2100 E1.00000
G1 F2400 X112.8313 Y102.5789 E0.01381
G1 F2400 X112.3958 Y102.3083 E0.02398
G1 F2400 X112.1219 Y101.8760 E0.02393
G1 F2400 X111.9890 Y101.3500 E0.02538
G1 F2100 E-1.00000
G0 F7200 X109.7253 Y102.6500
G1 F2100 E1.00000
G1 F2400 X109.6272 Y102.2524 E0.01915
G1 F2400 X109.3577 Y101.8158 E0.02400
G1 F2400 X108.9265 Y101.5408 E0.02392
G1 F2400 X108.3635 Y101.3977 E0.02717
G1 F2400 X108.0420 Y101.3500 E0.01520
G1 F2100 E-1.00000
G0 F7200 X104.3849 Y102.6500
G1 F2100 E1.00000
G1 F2400 X104.3465 Y102.5902 E0.00332
G1 F2400 X104.2027 Y102.0279 E0.02715
G1 F2400 X104.1115 Y101.4130 E0.02907
G1 F2400 X104.0961 Y101.3500 E0.00303
G1 F2100 E-1.00000
G0 F7200 X101.3500 Y102.3764
G1 F2100 E1.00000
G1 F2400 X101.5844 Y102.5279 E0.01305
G1 F2400 X101.8517 Y102.9666 E0.02403
G1 F2400 X101.9902 Y103.5343 E0.02733
G1 F2400 X102.0814 Y104.1492 E0.02907
G1 F2400 X102.2252 Y104.7115 E0.02715
G1 F2400 X102.5013 Y105.1416 E0.02390
G1 F2400 X102.6500 Y105.2328 E0.00816
G1 F2100 E-1.00000
G0 F7200 X102.6500 Y107.9605
G1 F2100 E1.00000
G1 F2400 X102.5626 Y107.9048 E0.00485
G1 F2400 X101.9996 Y107.7617 E0.02717
G1 F2400 X101.3847 Y107.6704 E0.02907
G1 F2400 X101.3500 Y107.6619 E0.00167
G1 F2100 E-1.00000
G0 F7200 X101.3500 Y111.7647
G1 F2100 E1.00000
G1 F2400 X101.3729 Y111.9190 E0.00729
G1 F2400 X101.5153 Y112.4826 E0.02719
G1 F2400 X101.7892 Y112.9149 E0.02393
G1 F2400 X102.2247 Y113.1855 E0.02398
G1 F2400 X102.6500 Y113.2911 E0.02050
G1 F2100 E-1.00000
G0 F7200 X101.3500 Y115.5550
G1 F2100 E1.00000
G1 F2400 X101.8484 Y115.6802 E0.02403
G1 F2400 X102.2817 Y115.9530 E0.02395
G1 F2400 X102.5534 Y116.3874 E0.02397
G1 F2400 X102.6500 Y116.7742 E0.01865
G1 F2100 E-1.00000
G0 F7200 X102.7535 Y117.3500
G1 F2100 E1.00000
G1 F2400 X102.7857 Y117.5674 E0.01028
G1 F2400 X102.9268 Y118.1324 E0.02724
G1 F2400 X103.1985 Y118.5668 E0.02397
G1 F2400 X103.3306 Y118.6500 E0.00730
G1 F2100 E-1.00000
G0 F7200 X107.9139 Y117.3500
G1 F2100 E1.00000
G1 F2400 X107.9336 Y117.3623 E0.00109
G1 F2400 X108.2075 Y117.7945 E0.02393
G1 F2400 X108.3500 Y118.3582 E0.02719
G1 F2400 X108.3932 Y118.6500 E0.01380
G1 F2100 E-1.00000
G0 F7200 X110.6854 Y117.3500
G1 F2100 E1.00000
G1 F2400 X110.7022 Y117.4182 E0.00328
G1 F2400 X110.9718 Y117.8548 E0.02400
G1 F2400 X111.4029 Y118.1297 E0.02392
G1 F2400 X111.9659 Y118.2729 E0.02717
G1 F2400 X112.5808 Y118.3641 E0.02907
G1 F2400 X113.1479 Y118.5032 E0.02731
G1 F2400 X113.3872 Y118.6500 E0.01314
;LAYER_CHANGE
;Z:1.500
;HEIGHT:0.250
; LAYER:5
G1 F7200 Z1.5000
;TYPE:External perimeter
;WIDTH:0.4500
G1 F2100 E-1.00000
G0 F7200 X100.2250 Y100.2250
G1 F2100 E1.00000
G1 F2400 X100.2250 Y119.7750 E0.91439
G1 F2400 X119.7750 Y119.7750 E0.91439
G1 F2400 X119.7750 Y100.2250 E0.91439
G1 F2400 X100.2250 Y100.2250 E0.91439
G1 F2100 E-1.00000
G0 F7200 X116.2250 Y116.2250
G1 F2100 E1.00000
G1 F2400 X103.7750 Y116.2250 E0.58231
G1 F2400 X103.7750 Y103.7750 E0.58231
G1 F2400 X116.2250 Y103.7750 E0.58231
G1 F2400 X116.2250 Y116.2250 E0.58231
;TYPE:Perimeter
;WIDTH:0.4500
G1 F2100 E-1.00000
G0 F7200 X100.6750 Y100.6750
G1 F2100 E1.00000
G1 F2400 X100.6750 Y119.3250 E0.87230
G1 F2400 X119.3250 Y119.3250 E0.87230
G1 F2400 X119.3250 Y100.6750 E0.87230
G1 F2400 X100.6750 Y100.6750 E0.87230
G1 F2100 E-1.00000
G0 F7200 X116.6750 Y116.6750
G1 F2100 E1.00000
G1 F2400 X103.3250 Y116.6750 E0.62441
G1 F2400 X103.3250 Y103.3250 E0.62441
G1 F2400 X116.6750 Y103.3250 E0.62441
G1 F2400 X116.6750 Y116.6750 E0.62441
G1 F2100 E-1.00000
G0 F7200 X101.1250 Y101.1250
G1 F2100 E1.00000
G1 F2400 X101.1250 Y118.8750 E0.83020
G1 F2400 X118.8750 Y118.8750 E0.83020
G1 F2400 X118.8750 Y101.1250 E0.83020
G1 F2400 X101.1250 Y101.1250 E0.83020
G1 F2100 E-1.00000
G0 F7200 X117.1250 Y117.1250
G1 F2100 E1.00000
G1 F2400 X102.8750 Y117.1250 E0.66650
G1 F2400 X102.8750 Y102.8750 E0.66650
G1 F2400 X117.1250 Y102.8750 E0.66650
G1 F2400 X117.1250 Y117.1250 E0.66650
;TYPE:Internal infill
;WIDTH:0.4500
G1 F2100 E-1.00000
G0 F7200 X118.6500 Y117.2850
G1 F2100 E1.00000
G1 F2400 X118.4618 Y117.4027 E0.01038
G1 F2400 X117.8968 Y117.5437 E0.02724
G1 F2400 X117.2819 Y117.6349 E0.02908
G1 F2400 X116.7168 Y117.7760 E0.02724
G1 F2400 X116.2824 Y118.0477 E0.02397
G1 F2400 X116.0096 Y118.4811 E0.02395
G1 F2400 X115.9672 Y118.6500 E0.00815
G1 F2100 E-1.00000
G0 F7200 X113.6834 Y117.3500
G1 F2100 E1.00000
G1 F2400 X113.6553 Y117.5390 E0.00894
G1 F2400 X113.5149 Y118.1047 E0.02726
G1 F2400 X113.2443 Y118.5402 E0.02398
G1 F2400 X113.0711 Y118.6500 E0.00959
G1 F2100 E-1.00000
G0 F7200 X108.5001 Y117.3500
G1 F2100 E1.00000
G1 F2400 X108.2342 Y117.7669 E0.02313
G1 F2400 X108.0911 Y118.3299 E0.02717
G1 F2400 X108.0436 Y118.6500 E0.01514
G1 F2100 E-1.00000
G0 F7200 X105.7494 Y117.3500
G1 F2100 E1.00000
G1 F2400 X105.7395 Y117.3905 E0.00195
G1 F2400 X105.4710 Y117.8282 E0.02401
G1 F2400 X105.0410 Y118.1042 E0.02390
G1 F2400 X104.4787 Y118.2480 E0.02715
G1 F2400 X103.8638 Y118.3393 E0.02907
G1 F2400 X103.2961 Y118.4777 E0.02733
G1 F2400 X103.0133 Y118.6500 E0.01549
G1 F2100 E-1.00000
G0 F7200 X102.6500 Y116.0519
G1 F2100 E1.00000
G1 F2400 X102.3573 Y116.1267 E0.01413
G1 F2400 X101.7425 Y116.2180 E0.02907
G1 F2400 X101.3500 Y116.3137 E0.01889
G1 F2100 E-1.00000
G0 F7200 X101.3500 Y113.3872
G1 F2100 E1.00000
G1 F2400 X101.4968 Y113.1479 E0.01314
G1 F2400 X101.6359 Y112.5808 E0.02731
G1 F2400 X101.7271 Y111.9659 E0.02907
G1 F2400 X101.8703 Y111.4029 E0.02717
G1 F2400 X102.1452 Y110.9718 E0.02392
G1 F2400 X102.5818 Y110.7022 E0.02400
G1 F2400 X102.6500 Y110.6854 E0.00328
G1 F2100 E-1.00000
G0 F7200 X101.3500 Y108.3932
G1 F2100 E1.00000
G1 F2400 X101.6418 Y108.3500 E0.01380
G1 F2400 X102.2055 Y108.2075 E0.02719
G1 F2400 X102.6377 Y107.9336 E0.02393
G1 F2400 X102.6500 Y107.9139 E0.00109
G1 F2100 E-1.00000
G0 F7200 X101.3500 Y103.3306
G1 F2100 E1.00000
G1 F2400 X101.4332 Y103.1985 E0.00730
G1 F2400 X101.8676 Y102.9268 E0.02397
G1 F2400 X102.4326 Y102.7857 E0.02724
G1 F2400 X102.6500 Y102.7535 E0.01028
G1 F2100 E-1.00000
G0 F7200 X103.2258 Y102.6500
G1 F2100 E1.00000
G1 F2400 X103.6126 Y102.5534 E0.01865
G1 F2400 X104.0470 Y102.2817 E0.02397
G1 F2400 X104.3198 Y101.8484 E0.02395
G1 F2400 X104.4450 Y101.3500 E0.02403
G1 F2100 E-1.00000
G0 F7200 X106.7089 Y102.6500
G1 F2100 E1.00000
G1 F2400 X106.8145 Y102.2247 E0.02050
G1 F2400 X107.0851 Y101.7892 E0.02398
G1 F2400 X107.5174 Y101.5153 E0.02393
G1 F2400 X108.0810 Y101.3729 E0.02719
G1 F2400 X108.2353 Y101.3500 E0.00729
G1 F2100 E-1.00000
G0 F7200 X112.0395 Y102.6500
G1 F2100 E1.00000
G1 F2400 X112.0952 Y102.5626 E0.00485
G1 F2400 X112.2383 Y101.9996 E0.02717
G1 F2400 X112.3296 Y101.3847 E0.02907
G1 F2400 X112.3381 Y101.3500 E0.00167
G1 F2100 E-1.00000
G0 F7200 X114.7672 Y102.6500
G1 F2100 E1.00000
G1 F2400 X114.8584 Y102.5013 E0.00816
G1 F2400 X115.2885 Y102.2252 E0.02390
G1 F2400 X115.8508 Y102.0814 E0.02715
G1 F2400 X116.4657 Y101.9902 E0.02907
G1 F2400 X117.0334 Y101.8517 E0.02733
G1 F2400 X117.4721 Y101.5844 E0.02403
G1 F2400 X117.6236 Y101.3500 E0.01305
G1 F2100 E-1.00000
G0 F7200 X118.6500 Y104.0961
G1 F2100 E1.00000
G1 F2400 X118.5870 Y104.1115 E0.00303
G1 F2400 X117.9721 Y104.2027 E0.02907
G1 F2400 X117.4098 Y104.3465 E0.02715
G1 F2400 X117.3500 Y104.3849 E0.00332
G1 F2100 E-1.00000
G0 F7200 X118.6500 Y108.0420
G1 F2100 E1.00000
G1 F2400 X118.6023 Y108.3635 E0.01520
G1 F2400 X118.4592 Y108.9265 E0.02717
G1 F2400 X118.1842 Y109.3577 E0.02392
G1 F2400 X117.7476 Y109.6272 E0.02400
G1 F2400 X117.3500 Y109.7253 E0.01915
G1 F2100 E-1.00000
G0 F7200 X118.6500 Y111.9890
G1 F2100 E1.00000
G1 F2400 X118.1240 Y112.1219 E0.02538
G1 F2400 X117.6917 Y112.3958 E0.02393
G1 F2400 X117.4211 Y112.8313 E0.02398
G1 F2400 X117.3500 Y113.1178 E0.01381
;LAYER_CHANGE
;Z:1.750
;HEIGHT:0.250
; LAYER:6
G1 F7200 Z1.7500
;TYPE:External perimeter
;WIDTH:0.4500
G1 F2100 E-1.00000
G0 F7200 X100.2250 Y100.2250
G1 F2100 E1.00000
G1 F2400 X100.2250 Y119.7750 E0.91439
G1 F2400 X119.7750 Y119.7750 E0.91439
G1 F2400 X119.7750 Y100.2250 E0.91439
G1 F2400 X100.2250 Y100.2250 E0.91439
G1 F2100 E-1.00000
G0 F7200 X116.2250 Y116.2250
G1 F2100 E1.00000
G1 F2400 X103.7750 Y116.2250 E0.58231
G1 F2400 X103.7750 Y103.7750 E0.58231
G1 F2400 X116.2250 Y103.7750 E0.58231
G1 F2400 X116.2250 Y116.2250 E0.58231
;TYPE:Perimeter
;WIDTH:0.4500
G1 F2100 E-1.00000
G0 F7200 X100.6750 Y100.6750
G1 F2100 E1.00000
G1 F2400 X100.6750 Y119.3250 E0.87230
G1 F2400 X119.3250 Y119.3250 E0.87230
G1 F2400 X119.3250 Y100.6750 E0.87230
G1 F2400 X100.6750 Y100.6750 E0.87230
G1 F2100 E-1.00000
G0 F7200 X116.6750 Y116.6750
G1 F2100 E1.00000
G1 F2400 X103.3250 Y116.6750 E0.62441
G1 F2400 X103.3250 Y103.3250 E0.62441
G1 F2400 X116.6750 Y103.3250 E0.62441
G1 F2400 X116.6750 Y116.6750 E0.62441
G1 F2100 E-1.00000
G0 F7200 X101.1250 Y101.1250
G1 F2100 E1.00000
G1 F2400 X101.1250 Y118.8750 E0.83020
G1 F2400 X118.8750 Y118.8750 E0.83020
G1 F2400 X118.8750 Y101.1250 E0.83020
G1 F2400 X101.1250 Y101.1250 E0.83020
G1 F2100 E-1.00000
G0 F7200 X117.1250 Y117.1250
G1 F2100 E1.00000
G1 F2400 X102.8750 Y117.1250 E0.66650
G1 F2400 X102.8750 Y102.8750 E0.66650
G1 F2400 X117.1250 Y102.8750 E0.66650
G1 F2400 X117.1250 Y117.1250 E0.66650
;TYPE:Internal infill
;WIDTH:0.4500
G1 F2100 E-1.00000
G0 F7200 X116.0519 Y117.3500
G1 F2100 E1.00000
G1 F2400 X116.1267 Y117.6427 E0.01413
G1 F2400 X116.2180 Y118.2575 E0.02907
G1 F2400 X116.3137 Y118.6500 E0.01889
G1 F2100 E-1.00000
G0 F7200 X118.6500 Y116.9867
G1 F2100 E1.00000
G1 F2400 X118.4777 Y116.7039 E0.01549
G1 F2400 X118.3393 Y116.1362 E0.02733
G1 F2400 X118.2480 Y115.5213 E0.02907
G1 F2400 X118.1042 Y114.9590 E0.02715
G1 F2400 X117.8282 Y114.5290 E0.02390
G1 F2400 X117.3905 Y114.2605 E0.02401
G1 F2400 X117.3500 Y114.2506 E0.00195
G1 F2100 E-1.00000
G0 F7200 X118.6500 Y111.9564
G1 F2100 E1.00000
G1 F2400 X118.3299 Y111.9089 E0.01514
G1 F2400 X117.7669 Y111.7658 E0.02717
G1 F2400 X117.3500 Y111.4999 E0.02313
G1 F2100 E-1.00000
G0 F7200 X118.6500 Y106.9289
G1 F2100 E1.00000
G1 F2400 X118.5402 Y106.7557 E0.00959
G1 F2400 X118.1047 Y106.4851 E0.02398
G1 F2400 X117.5390 Y106.3447 E0.02726
G1 F2400 X117.3500 Y106.3166 E0.00894
G1 F2100 E-1.00000
G0 F7200 X118.6500 Y104.0328
G1 F2100 E1.00000
G1 F2400 X118.4811 Y103.9904 E0.00815
G1 F2400 X118.0477 Y103.7176 E0.02395
G1 F2400 X117.7760 Y103.2832 E0.02397
G1 F2400 X117.6349 Y102.7181 E0.02724
G1 F2400 X117.5437 Y102.1032 E0.02908
G1 F2400 X117.4027 Y101.5382 E0.02724
G1 F2400 X117.2850 Y101.3500 E0.01038
G1 F2100 E-1.00000
G0 F7200 X113.1178 Y102.6500
G1 F2100 E1.00000
G1 F2400 X112.8313 Y102.5789 E0.01381
G1 F2400 X112.3958 Y102.3083 E0.02398
G1 F2400 X112.1219 Y101.8760 E0.02393
G1 F2400 X111.9890 Y101.3500 E0.02538
G1 F2100 E-1.00000
G0 F7200 X109.7253 Y102.6500
G1 F2100 E1.00000
G1 F2400 X109.6272 Y102.2524 E0.01915
G1 F2400 X109.3577 Y101.8158 E0.02400
G1 F2400 X108.9265 Y101.5408 E0.02392
G1 F2400 X108.3635 Y101.3977 E0.02717
G1 F2400 X108.0420 Y101.3500 E0.01520
G1 F2100 E-1.00000
G0 F7200 X104.3849 Y102.6500
G1 F2100 E1.00000
G1 F2400 X104.3465 Y102.5902 E0.00332
G1 F2400 X104.2027 Y102.0279 E0.02715
G1 F2400 X104.1115 Y101.4130 E0.02907
G1 F2400 X104.0961 Y101.3500 E0.00303
G1 F2100 E-1.00000
G0 F7200 X101.3500 Y102.3764
G1 F2100 E1.00000
G1 F2400 X101.5844 Y102.5279 E0.01305
G1 F2400 X101.8517 Y102.9666 E0.02403
G1 F2400 X101.9902 Y103.5343 E0.02733
G1 F2400 X102.0814 Y104.1492 E0.02907
G1 F2400 X102.2252 Y104.7115 E0.02715
G1 F2400 X102.5013 Y105.1416 E0.02390
G1 F2400 X102.6500 Y105.2328 E0.00816
G1 F2100 E-1.00000
G0 F7200 X102.6500 Y107.9605
G1 F2100 E1.00000
G1 F2400 X102.5626 Y107.9048 E0.00485
G1 F2400 X101.9996 Y107.7617 E0.02717
G1 F2400 X101.3847 Y107.6704 E0.02907
G1 F2400 X101.3500 Y107.6619 E0.00167
G1 F2100 E-1.00000
G0 F7200 X101.3500 Y111.7647
G1 F2100 E1.00000
G1 F2400 X101.3729 Y111.9190 E0.00729
G1 F2400 X101.5153 Y112.4826 E0.02719
G1 F2400 X101.7892 Y112.9149 E0.02393
G1 F2400 X102.2247 Y113.1855 E0.02398
G1 F2400 X102.6500 Y113.2911 E0.02050
G1 F2100 E-1.00000
G0 F7200 X101.3500 Y115.5550
G1 F2100 E1.00000
G1 F2400 X101.8484 Y115.6802 E0.02403
G1 F2400 X102.2817 Y115.9530 E0.02395
G1 F2400 X102.5534 Y116.3874 E0.02397
G1 F2400 X102.6500 Y116.7742 E0.01865
G1 F2100 E-1.00000
G0 F7200 X102.7535 Y117.3500
G1 F2100 E1.00000
G1 F2400 X102.7857 Y117.5674 E0.01028
G1 F2400 X102.9268 Y118.1324 E0.02724
G1 F2400 X103.1985 Y118.5668 E0.02397
G1 F2400 X103.3306 Y118.6500 E0.00730
G1 F2100 E-1.00000
G0 F7200 X107.9139 Y117.3500
G1 F2100 E1.00000
G1 F2400 X107.9336 Y117.3623 E0.00109
G1 F2400 X108.2075 Y117.7945 E0.02393
G1 F2400 X108.3500 Y118.3582 E0.02719
G1 F2400 X108.3932 Y118.6500 E0.01380
G1 F2100 E-1.00000
G0 F7200 X110.6854 Y117.3500
G1 F2100 E1.00000
G1 F2400 X110.7022 Y117.4182 E0.00328
G1 F2400 X110.9718 Y117.8548 E0.02400
G1 F2400 X111.4029 Y118.1297 E0.02392
G1 F2400 X111.9659 Y118.2729 E0.02717
G1 F2400 X112.5808 Y118.3641 E0.02907
G1 F2400 X113.1479 Y118.5032 E0.02731
G1 F2400 X113.3872 Y118.6500 E0.01314
;LAYER_CHANGE
;Z:2.000
;HEIGHT:0.250
; LAYER:7
G1 F7200 Z2.0000
;TYPE:External perimeter
;WIDTH:0.4500
G1 F2100 E-1.00000
G0 F7200 X100.2250 Y100.2250
G1 F2100 E1.00000
G1 F2400 X100.2250 Y119.7750 E0.91439
G1 F2400 X119.7750 Y119.7750 E0.91439
G1 F2400 X119.7750 Y100.2250 E0.91439
G1 F2400 X100.2250 Y100.2250 E0.91439
G1 F2100 E-1.00000
G0 F7200 X116.2250 Y116.2250
G1 F2100 E1.00000
G1 F2400 X103.7750 Y116.2250 E0.58231
G1 F2400 X103.7750 Y103.7750 E0.58231
G1 F2400 X116.2250 Y103.7750 E0.58231
G1 F2400 X116.2250 Y116.2250 E0.58231
;TYPE:Perimeter
;WIDTH:0.4500
G1 F2100 E-1.00000
G0 F7200 X100.6750 Y100.6750
G1 F2100 E1.00000
G1 F2400 X100.6750 Y119.3250 E0.87230
G1 F2400 X119.3250 Y119.3250 E0.87230
G1 F2400 X119.3250 Y100.6750 E0.87230
G1 F2400 X100.6750 Y100.6750 E0.87230
G1 F2100 E-1.00000
G0 F7200 X116.6750 Y116.6750
G1 F2100 E1.00000
G1 F2400 X103.3250 Y116.6750 E0.62441
G1 F2400 X103.3250 Y103.3250 E0.62441
G1 F2400 X116.6750 Y103.3250 E0.62441
G1 F2400 X116.6750 Y116.6750 E0.62441
G1 F2100 E-1.00000
G0 F7200 X101.1250 Y101.1250
G1 F2100 E1.00000
G1 F2400 X101.1250 Y118.8750 E0.83020
G1 F2400 X118.8750 Y118.8750 E0.83020
G1 F2400 X118.8750 Y101.1250 E0.83020
G1 F2400 X101.1250 Y101.1250 E0.83020
G1 F2100 E-1.00000
G0 F7200 X117.1250 Y117.1250
G1 F2100 E1.00000
G1 F2400 X102.8750 Y117.1250 E0.66650
G1 F2400 X102.8750 Y102.8750 E0.66650
G1 F2400 X117.1250 Y102.8750 E0.66650
G1 F2400 X117.1250 Y117.1250 E0.66650
;TYPE:Internal infill
;WIDTH:0.4500
G1 F2100 E-1.00000
G0 F7200 X118.6500 Y117.2850
G1 F2100 E1.00000
G1 F2400 X118.4618 Y117.4027 E0.01038
G1 F2400 X117.8968 Y117.5437 E0.02724
G1 F2400 X117.2819 Y117.6349 E0.02908
G1 F2400 X116.7168 Y117.7760 E0.02724
G1 F2400 X116.2824 Y118.0477 E0.02397
G1 F2400 X116.0096 Y118.4811 E0.02395
G1 F2400 X115.9672 Y118.6500 E0.00815
G1 F2100 E-1.00000
G0 F7200 X113.6834 Y117.3500
G1 F2100 E1.00000
G1 F2400 X113.6553 Y117.5390 E0.00894
G1 F2400 X113.5149 Y118.1047 E0.02726
G1 F2400 X113.2443 Y118.5402 E0.02398
G1 F2400 X113.0711 Y118.6500 E0.00959
G1 F2100 E-1.00000
G0 F7200 X108.5001 Y117.3500
G1 F2100 E1.00000
G1 F2400 X108.2342 Y117.7669 E0.02313
G1 F2400 X108.0911 Y118.3299 E0.02717
G1 F2400 X108.0436 Y118.6500 E0.01514
G1 F2100 E-1.00000
G0 F7200 X105.7494 Y117.3500
G1 F2100 E1.00000
G1 F2400 X105.7395 Y117.3905 E0.00195
G1 F2400 X105.4710 Y117.8282 E0.02401
G1 F2400 X105.0410 Y118.1042 E0.02390
G1 F2400 X104.4787 Y118.2480 E0.02715
G1 F2400 X103.8638 Y118.3393 E0.02907
G1 F2400 X103.2961 Y118.4777 E0.02733
G1 F2400 X103.0133 Y118.6500 E0.01549
G1 F2100 E-1.00000
G0 F7200 X102.6500 Y116.0519
G1 F2100 E1.00000
G1 F2400 X102.3573 Y116.1267 E0.01413
G1 F2400 X101.7425 Y116.2180 E0.02907
G1 F2400 X101.3500 Y116.3137 E0.01889
G1 F2100 E-1.00000
G0 F7200 X101.3500 Y113.3872
G1 F2100 E1.00000
G1 F2400 X101.4968 Y113.1479 E0.01314
G1 F2400 X101.6359 Y112.5808 E0.02731
G1 F2400 X101.7271 Y111.9659 E0.02907
G1 F2400 X101.8703 Y111.4029 E0.02717
G1 F2400 X102.1452 Y110.9718 E0.02392
G1 F2400 X102.5818 Y110.7022 E0.02400
G1 F2400 X102.6500 Y110.6854 E0.00328
G1 F2100 E-1.00000
G0 F7200 X101.3500 Y108.3932
G1 F2100 E1.00000
G1 F2400 X101.6418 Y108.3500 E0.01380
G1 F2400 X102.2055 Y108.2075 E0.02719
G1 F2400 X102.6377 Y107.9336 E0.02393
G1 F2400 X102.6500 Y107.9139 E0.00109
G1 F2100 E-1.00000
G0 F7200 X101.3500 Y103.3306
G1 F2100 E1.00000
G1 F2400 X101.4332 Y103.1985 E0.00730
G1 F2400 X101.8676 Y102.9268 E0.02397
G1 F2400 X102.4326 Y102.7857 E0.02724
G1 F2400 X102.6500 Y102.7535 E0.01028
G1 F2100 E-1.00000
G0 F7200 X103.2258 Y102.6500
G1 F2100 E1.00000
G1 F2400 X103.6126 Y102.5534 E0.01865
G1 F2400 X104.0470 Y102.2817 E0.02397
G1 F2400 X104.3198 Y101.8484 E0.02395
G1 F2400 X104.4450 Y101.3500 E0.02403
G1 F2100 E-1.00000
G0 F7200 X106.7089 Y102.6500
G1 F2100 E1.00000
G1 F2400 X106.8145 Y102.2247 E0.02050
G1 F2400 X107.0851 Y101.7892 E0.02398
G1 F2400 X107.5174 Y101.5153 E0.02393
G1 F2400 X108.0810 Y101.3729 E0.02719
G1 F2400 X108.2353 Y101.3500 E0.00729
G1 F2100 E-1.00000
G0 F7200 X112.0395 Y102.6500
G1 F2100 E1.00000
G1 F2400 X112.0952 Y102.5626 E0.00485
G1 F2400 X112.2383 Y101.9996 E0.02717
G1 F2400 X112.3296 Y101.3847 E0.02907
G1 F2400 X112.3381 Y101.3500 E0.00167
G1 F2100 E-1.00000
G0 F7200 X114.7672 Y102.6500
G1 F2100 E1.00000
G1 F2400 X114.8584 Y102.5013 E0.00816
G1 F2400 X115.2885 Y102.2252 E0.02390
G1 F2400 X115.8508 Y102.0814 E0.02715
G1 F2400 X116.4657 Y101.9902 E0.02907
G1 F2400 X117.0334 Y101.8517 E0.02733
G1 F2400 X117.4721 Y101.5844 E0.02403
G1 F2400 X117.6236 Y101.3500 E0.01305
G1 F2100 E-1.00000
G0 F7200 X118.6500 Y104.0961
G1 F2100 E1.00000
G1 F2400 X118.5870 Y104.1115 E0.00303
G1 F2400 X117.9721 Y104.2027 E0.02907
G1 F2400 X117.4098 Y104.3465 E0.02715
G1 F2400 X117.3500 Y104.3849 E0.00332
G1 F2100 E-1.00000
G0 F7200 X118.6500 Y108.0420
G1 F2100 E1.00000
G1 F2400 X118.6023 Y108.3635 E0.01520
G1 F2400 X118.4592 Y108.9265 E0.02717
G1 F2400 X118.1842 Y109.3577 E0.02392
G1 F2400 X117.7476 Y109.6272 E0.02400
G1 F2400 X117.3500 Y109.7253 E0.01915
G1 F2100 E-1.00000
G0 F7200 X118.6500 Y111.9890
G1 F2100 E1.00000
G1 F2400 X118.1240 Y112.1219 E0.02538
G1 F2400 X117.6917 Y112.3958 E0.02393
G1 F2400 X117.4211 Y112.8313 E0.02398
G1 F2400 X117.3500 Y113.1178 E0.01381
;LAYER_CHANGE
;Z:2.250
;HEIGHT:0.250
; LAYER:8
G1 F7200 Z2.2500
;TYPE:External perimeter
;WIDTH:0.4500
G1 F2100 E-1.00000
G0 F7200 X100.2250 Y100.2250
G1 F2100 E1.00000
G1 F2400 X100.2250 Y119.7750 E0.91439
G1 F2400 X119.7750 Y119.7750 E0.91439
G1 F2400 X119.7750 Y100.2250 E0.91439
G1 F2400 X100.2250 Y100.2250 E0.91439
G1 F2100 E-1.00000
G0 F7200 X116.2250 Y116.2250
G1 F2100 E1.00000
G1 F2400 X103.7750 Y116.2250 E0.58231
G1 F2400 X103.7750 Y103.7750 E0.58231
G1 F2400 X116.2250 Y103.7750 E0.58231
G1 F2400 X116.2250 Y116.2250 E0.58231
;TYPE:Perimeter
;WIDTH:0.4500
G1 F2100 E-1.00000
G0 F7200 X100.6750 Y100.6750
G1 F2100 E1.00000
G1 F2400 X100.6750 Y119.3250 E0.87230
G1 F2400 X119.3250 Y119.3250 E0.87230
G1 F2400 X119.3250 Y100.6750 E0.87230
G1 F2400 X100.6750 Y100.6750 E0.87230
G1 F2100 E-1.00000
G0 F7200 X116.6750 Y116.6750
G1 F2100 E1.00000
G1 F2400 X103.3250 Y116.6750 E0.62441
G1 F2400 X103.3250 Y103.3250 E0.62441
G1 F2400 X116.6750 Y103.3250 E0.62441
G1 F2400 X116.6750 Y116.6750 E0.62441
G1 F2100 E-1.00000
G0 F7200 X101.1250 Y101.1250
G1 F2100 E1.00000
G1 F2400 X101.1250 Y118.8750 E0.83020
G1 F2400 X118.8750 Y118.8750 E0.83020
G1 F2400 X118.8750 Y101.1250 E0.83020
G1 F2400 X101.1250 Y101.1250 E0.83020
G1 F2100 E-1.00000
G0 F7200 X117.1250 Y117.1250
G1 F2100 E1.00000
G1 F2400 X102.8750 Y117.1250 E0.66650
G1 F2400 X102.8750 Y102.8750 E0.66650
G1 F2400 X117.1250 Y102.8750 E0.66650
G1 F2400 X117.1250 Y117.1250 E0.66650
;TYPE:Internal infill
;WIDTH:0.4500
G1 F2100 E-1.00000
G0 F7200 X116.0519 Y117.3500
G1 F2100 E1.00000
G1 F2400 X116.1267 Y117.6427 E0.01413
G1 F2400 X116.2180 Y118.2575 E0.02907
G1 F2400 X116.3137 Y118.6500 E0.01889
G1 F2100 E-1.00000
G0 F7200 X118.6500 Y116.9867
G1 F2100 E1.00000
G1 F2400 X118.4777 Y116.7039 E0.01549
G1 F2400 X118.3393 Y116.1362 E0.02733
G1 F2400 X118.2480 Y115.5213 E0.02907
G1 F2400 X118.1042 Y114.9590 E0.02715
G1 F2400 X117.8282 Y114.5290 E0.02390
G1 F2400 X117.3905 Y114.2605 E0.02401
G1 F2400 X117.3500 Y114.2506 E0.00195
G1 F2100 E-1.00000
G0 F7200 X118.6500 Y111.9564
G1 F2100 E1.00000
G1 F2400 X118.3299 Y111.9089 E0.01514
G1 F2400 X117.7669 Y111.7658 E0.02717
G1 F2400 X117.3500 Y111.4999 E0.02313
G1 F2100 E-1.00000
G0 F7200 X118.6500 Y106.9289
G1 F2100 E1.00000
G1 F2400 X118.5402 Y106.7557 E0.00959
G1 F2400 X118.1047 Y106.4851 E0.02398
G1 F2400 X117.5390 Y106.3447 E0.02726
G1 F2400 X117.3500 Y106.3166 E0.00894
G1 F2100 E-1.00000
G0 F7200 X118.6500 Y104.0328
G1 F2100 E1.00000
G1 F2400 X118.4811 Y103.9904 E0.00815
G1 F2400 X118.0477 Y103.7176 E0.02395
G1 F2400 X117.7760 Y103.2832 E0.02397
G1 F2400 X117.6349 Y102.7181 E0.02724
G1 F2400 X117.5437 Y102.1032 E0.02908
G1 F2400 X117.4027 Y101.5382 E0.02724
G1 F2400 X117.2850 Y101.3500 E0.01038
G1 F2100 E-1.00000
G0 F7200 X113.1178 Y102.6500
G1 F2100 E1.00000
G1 F2400 X112.8313 Y102.5789 E0.01381
G1 F2400 X112.3958 Y102.3083 E0.02398
G1 F2400 X112.1219 Y101.8760 E0.02393
G1 F2400 X111.9890 Y101.3500 E0.02538
G1 F2100 E-1.00000
G0 F7200 X109.7253 Y102.6500
G1 F2100 E1.00000
G1 F2400 X109.6272 Y102.2524 E0.01915
G1 F2400 X109.3577 Y101.8158 E0.02400
G1 F2400 X108.9265 Y101.5408 E0.02392
G1 F2400 X108.3635 Y101.3977 E0.02717
G1 F2400 X108.0420 Y101.3500 E0.01520
G1 F2100 E-1.00000
G0 F7200 X104.3849 Y102.6500
G1 F2100 E1.00000
G1 F2400 X104.3465 Y102.5902 E0.00332
G1 F2400 X104.2027 Y102.0279 E0.02715
G1 F2400 X104.1115 Y101.4130 E0.02907
G1 F2400 X104.0961 Y101.3500 E0.00303
G1 F2100 E-1.00000
G0 F7200 X101.3500 Y102.3764
G1 F2100 E1.00000
G1 F2400 X101.5844 Y102.5279 E0.01305
G1 F2400 X101.8517 Y102.9666 E0.02403
G1 F2400 X101.9902 Y103.5343 E0.02733
G1 F2400 X102.0814 Y104.1492 E0.02907
G1 F2400 X102.2252 Y104.7115 E0.02715
G1 F2400 X102.5013 Y105.1416 E0.02390
G1 F2400 X102.6500 Y105.2328 E0.00816
G1 F2100 E-1.00000
G0 F7200 X102.6500 Y107.9605
G1 F2100 E1.00000
G1 F2400 X102.5626 Y107.9048 E0.00485
G1 F2400 X101.9996 Y107.7617 E0.02717
G1 F2400 X101.3847 Y107.6704 E0.02907
G1 F2400 X101.3500 Y107.6619 E0.00167
G1 F2100 E-1.00000
G0 F7200 X101.3500 Y111.7647
G1 F2100 E1.00000
G1 F2400 X101.3729 Y111.9190 E0.00729
G1 F2400 X101.5153 Y112.4826 E0.02719
G1 F2400 X101.7892 Y112.9149 E0.02393
G1 F2400 X102.2247 Y113.1855 E0.02398
G1 F2400 X102.6500 Y113.2911 E0.02050
G1 F2100 E-1.00000
G0 F7200 X101.3500 Y115.5550
G1 F2100 E1.00000
G1 F2400 X101.8484 Y115.6802 E0.02403
G1 F2400 X102.2817 Y115.9530 E0.02395
G1 F2400 X102.5534 Y116.3874 E0.02397
G1 F2400 X102.6500 Y116.7742 E0.01865
G1 F2100 E-1.00000
G0 F7200 X102.7535 Y117.3500
G1 F2100 E1.00000
G1 F2400 X102.7857 Y117.5674 E0.01028
G1 F2400 X102.9268 Y118.1324 E0.02724
G1 F2400 X103.1985 Y118.5668 E0.02397
G1 F2400 X103.3306 Y118.6500 E0.00730
G1 F2100 E-1.00000
G0 F7200 X107.9139 Y117.3500
G1 F2100 E1.00000
G1 F2400 X107.9336 Y117.3623 E0.00109
G1 F2400 X108.2075 Y117.7945 E0.02393
G1 F2400 X108.3500 Y118.3582 E0.02719
G1 F2400 X108.3932 Y118.6500 E0.01380
G1 F2100 E-1.00000
G0 F7200 X110.6854 Y117.3500
G1 F2100 E1.00000
G1 F2400 X110.7022 Y117.4182 E0.00328
G1 F2400 X110.9718 Y117.8548 E0.02400
G1 F2400 X111.4029 Y118.1297 E0.02392
G1 F2400 X111.9659 Y118.2729 E0.02717
G1 F2400 X112.5808 Y118.3641 E0.02907
G1 F2400 X113.1479 Y118.5032 E0.02731
G1 F2400 X113.3872 Y118.6500 E0.01314
;LAYER_CHANGE
;Z:2.500
;HEIGHT:0.250
; LAYER:9
G1 F7200 Z2.5000
;TYPE:External perimeter
;WIDTH:0.4500
G1 F2100 E-1.00000
G0 F7200 X100.2250 Y100.2250
G1 F2100 E1.00000
G1 F2400 X100.2250 Y119.7750 E0.91439
G1 F2400 X119.7750 Y119.7750 E0.91439
G1 F2400 X119.7750 Y100.2250 E0.91439
G1 F2400 X100.2250 Y100.2250 E0.91439
G1 F2100 E-1.00000
G0 F7200 X116.2250 Y116.2250
G1 F2100 E1.00000
G1 F2400 X103.7750 Y116.2250 E0.58231
G1 F2400 X103.7750 Y103.7750 E0.58231
G1 F2400 X116.2250 Y103.7750 E0.58231
G1 F2400 X116.2250 Y116.2250 E0.58231
;TYPE:Perimeter
;WIDTH:0.4500
G1 F2100 E-1.00000
G0 F7200 X100.6750 Y100.6750
G1 F2100 E1.00000
G1 F2400 X100.6750 Y119.3250 E0.87230
G1 F2400 X119.3250 Y119.3250 E0.87230
G1 F2400 X119.3250 Y100.6750 E0.87230
G1 F2400 X100.6750 Y100.6750 E0.87230
G1 F2100 E-1.00000
G0 F7200 X116.6750 Y116.6750
G1 F2100 E1.00000
G1 F2400 X103.3250 Y116.6750 E0.62441
G1 F2400 X103.3250 Y103.3250 E0.62441
G1 F2400 X116.6750 Y103.3250 E0.62441
G1 F2400 X116.6750 Y116.6750 E0.62441
G1 F2100 E-1.00000
G0 F7200 X101.1250 Y101.1250
G1 F2100 E1.00000
G1 F2400 X101.1250 Y118.8750 E0.83020
G1 F2400 X118.8750 Y118.8750 E0.83020
G1 F2400 X118.8750 Y101.1250 E0.83020
G1 F2400 X101.1250 Y101.1250 E0.83020
G1 F2100 E-1.00000
G0 F7200 X117.1250 Y117.1250
G1 F2100 E1.00000
G1 F2400 X102.8750 Y117.1250 E0.66650
G1 F2400 X102.8750 Y102.8750 E0.66650
G1 F2400 X117.1250 Y102.8750 E0.66650
G1 F2400 X117.1250 Y117.1250 E0.66650
;TYPE:Internal infill
;WIDTH:0.4500
G1 F2100 E-1.00000
G0 F7200 X118.6500 Y117.2850
G1 F2100 E1.00000
G1 F2400 X118.4618 Y117.4027 E0.01038
G1 F2400 X117.8968 Y117.5437 E0.02724
G1 F2400 X117.2819 Y117.6349 E0.02908
G1 F2400 X116.7168 Y117.7760 E0.02724
G1 F2400 X116.2824 Y118.0477 E0.02397
G1 F2400 X116.0096 Y118.4811 E0.02395
G1 F2400 X115.9672 Y118.6500 E0.00815
G1 F2100 E-1.00000
G0 F7200 X113.6834 Y117.3500
G1 F2100 E1.00000
G1 F2400 X113.6553 Y117.5390 E0.00894
G1 F2400 X113.5149 Y118.1047 E0.02726
G1 F2400 X113.2443 Y118.5402 E0.02398
G1 F2400 X113.0711 Y118.6500 E0.00959
G1 F2100 E-1.00000
G0 F7200 X108.5001 Y117.3500
G1 F2100 E1.00000
G1 F2400 X108.2342 Y117.7669 E0.02313
G1 F2400 X108.0911 Y118.3299 E0.02717
G1 F2400 X108.0436 Y118.6500 E0.01514
G1 F2100 E-1.00000
G0 F7200 X105.7494 Y117.3500
G1 F2100 E1.00000
G1 F2400 X105.7395 Y117.3905 E0.00195
G1 F2400 X105.4710 Y117.8282 E0.02401
G1 F2400 X105.0410 Y118.1042 E0.02390
G1 F2400 X104.4787 Y118.2480 E0.02715
G1 F2400 X103.8638 Y118.3393 E0.02907
G1 F2400 X103.2961 Y118.4777 E0.02733
G1 F2400 X103.0133 Y118.6500 E0.01549
G1 F2100 E-1.00000
G0 F7200 X102.6500 Y116.0519
G1 F2100 E1.00000
G1 F2400 X102.3573 Y116.1267 E0.01413
G1 F2400 X101.7425 Y116.2180 E0.02907
G1 F2400 X101.3500 Y116.3137 E0.01889
G1 F2100 E-1.00000
G0 F7200 X101.3500 Y113.3872
G1 F2100 E1.00000
G1 F2400 X101.4968 Y113.1479 E0.01314
G1 F2400 X101.6359 Y112.5808 E0.02731
G1 F2400 X101.7271 Y111.9659 E0.02907
G1 F2400 X101.8703 Y111.4029 E0.02717
G1 F2400 X102.1452 Y110.9718 E0.02392
G1 F2400 X102.5818 Y110.7022 E0.02400
G1 F2400 X102.6500 Y110.6854 E0.00328
G1 F2100 E-1.00000
G0 F7200 X101.3500 Y108.3932
G1 F2100 E1.00000
G1 F2400 X101.6418 Y108.3500 E0.01380
G1 F2400 X102.2055 Y108.2075 E0.02719
G1 F2400 X102.6377 Y107.9336 E0.02393
G1 F2400 X102.6500 Y107.9139 E0.00109
G1 F2100 E-1.00000
G0 F7200 X101.3500 Y103.3306
G1 F2100 E1.00000
G1 F2400 X101.4332 Y103.1985 E0.00730
G1 F2400 X101.8676 Y102.9268 E0.02397
G1 F2400 X102.4326 Y102.7857 E0.02724
G1 F2400 X102.6500 Y102.7535 E0.01028
G1 F2100 E-1.00000
G0 F7200 X103.2258 Y102.6500
G1 F2100 E1.00000
G1 F2400 X103.6126 Y102.5534 E0.01865
G1 F2400 X104.0470 Y102.2817 E0.02397
G1 F2400 X104.3198 Y101.8484 E0.02395
G1 F2400 X104.4450 Y101.3500 E0.02403
G1 F2100 E-1.00000
G0 F7200 X106.7089 Y102.6500
G1 F2100 E1.00000
G1 F2400 X106.8145 Y102.2247 E0.02050
G1 F2400 X107.0851 Y101.7892 E0.02398
G1 F2400 X107.5174 Y101.5153 E0.02393
G1 F2400 X108.0810 Y101.3729 E0.02719
G1 F2400 X108.2353 Y101.3500 E0.00729
G1 F2100 E-1.00000
G0 F7200 X112.0395 Y102.6500
G1 F2100 E1.00000
G1 F2400 X112.0952 Y102.5626 E0.00485
G1 F2400 X112.2383 Y101.9996 E0.02717
G1 F2400 X112.3296 Y101.3847 E0.02907
G1 F2400 X112.3381 Y101.3500 E0.00167
G1 F2100 E-1.00000
G0 F7200 X114.7672 Y102.6500
G1 F2100 E1.00000
G1 F2400 X114.8584 Y102.5013 E0.00816
G1 F2400 X115.2885 Y102.2252 E0.02390
G1 F2400 X115.8508 Y102.0814 E0.02715
G1 F2400 X116.4657 Y101.9902 E0.02907
G1 F2400 X117.0334 Y101.8517 E0.02733
G1 F2400 X117.4721 Y101.5844 E0.02403
G1 F2400 X117.6236 Y101.3500 E0.01305
G1 F2100 E-1.00000
G0 F7200 X118.6500 Y104.0961
G1 F2100 E1.00000
G1 F2400 X118.5870 Y104.1115 E0.00303
G1 F2400 X117.9721 Y104.2027 E0.02907
G1 F2400 X117.4098 Y104.3465 E0.02715
G1 F2400 X117.3500 Y104.3849 E0.00332
G1 F2100 E-1.00000
G0 F7200 X118.6500 Y108.0420
G1 F2100 E1.00000
G1 F2400 X118.6023 Y108.3635 E0.01520
G1 F2400 X118.4592 Y108.9265 E0.02717
G1 F2400 X118.1842 Y109.3577 E0.02392
G1 F2400 X117.7476 Y109.6272 E0.02400
G1 F2400 X117.3500 Y109.7253 E0.01915
G1 F2100 E-1.00000
G0 F7200 X118.6500 Y111.9890
G1 F2100 E1.00000
G1 F2400 X118.1240 Y112.1219 E0.02538
G1 F2400 X117.6917 Y112.3958 E0.02393
G1 F2400 X117.4211 Y112.8313 E0.02398
G1 F2400 X117.3500 Y113.1178 E0.01381
;LAYER_CHANGE
;Z:2.750
;HEIGHT:0.250
; LAYER:10
G1 F7200 Z2.7500
;TYPE:External perimeter
;WIDTH:0.4500
G1 F2100 E-1.00000
G0 F7200 X100.2250 Y100.2250
G1 F2100 E1.00000
G1 F2400 X100.2250 Y119.7750 E0.91439
G1 F2400 X119.7750 Y119.7750 E0.91439
G1 F2400 X119.7750 Y100.2250 E0.91439
G1 F2400 X100.2250 Y100.2250 E0.91439
G1 F2100 E-1.00000
G0 F7200 X116.2250 Y116.2250
G1 F2100 E1.00000
G1 F2400 X103.7750 Y116.2250 E0.58231
G1 F2400 X103.7750 Y103.7750 E0.58231
G1 F2400 X116.2250 Y103.7750 E0.58231
G1 F2400 X116.2250 Y116.2250 E0.58231
;TYPE:Perimeter
;WIDTH:0.4500
G1 F2100 E-1.00000
G0 F7200 X100.6750 Y100.6750
G1 F2100 E1.00000
G1 F2400 X100.6750 Y119.3250 E0.87230
G1 F2400 X119.3250 Y119.3250 E0.87230
G1 F2400 X119.3250 Y100.6750 E0.87230
G1 F2400 X100.6750 Y100.6750 E0.87230
G1 F2100 E-1.00000
G0 F7200 X116.6750 Y116.6750
G1 F2100 E1.00000
G1 F2400 X103.3250 Y116.6750 E0.62441
G1 F2400 X103.3250 Y103.3250 E0.62441
G1 F2400 X116.6750 Y103.3250 E0.62441
G1 F2400 X116.6750 Y116.6750 E0.62441
G1 F2100 E-1.00000
G0 F7200 X101.1250 Y101.1250
G1 F2100 E1.00000
G1 F2400 X101.1250 Y118.8750 E0.83020
G1 F2400 X118.8750 Y118.8750 E0.83020
G1 F2400 X118.8750 Y101.1250 E0.83020
G1 F2400 X101.1250 Y101.1250 E0.83020
G1 F2100 E-1.00000
G0 F7200 X117.1250 Y117.1250
G1 F2100 E1.00000
G1 F2400 X102.8750 Y117.1250 E0.66650
G1 F2400 X102.8750 Y102.8750 E0.66650
G1 F2400 X117.1250 Y102.8750 E0.66650
G1 F2400 X117.1250 Y117.1250 E0.66650
;TYPE:Internal infill
;WIDTH:0.4500
G1 F2100 E-1.00000
G0 F7200 X116.0519 Y117.3500
G1 F2100 E1.00000
G1 F2400 X116.1267 Y117.6427 E0.01413
G1 F2400 X116.2180 Y118.2575 E0.02907
G1 F2400 X116.3137 Y118.6500 E0.01889
G1 F2100 E-1.00000
G0 F7200 X118.6500 Y116.9867
G1 F2100 E1.00000
G1 F2400 X118.4777 Y116.7039 E0.01549
G1 F2400 X118.3393 Y116.1362 E0.02733
G1 F2400 X118.2480 Y115.5213 E0.02907
G1 F2400 X118.1042 Y114.9590 E0.02715
G1 F2400 X117.8282 Y114.5290 E0.02390
G1 F2400 X117.3905 Y114.2605 E0.02401
G1 F2400 X117.3500 Y114.2506 E0.00195
G1 F2100 E-1.00000
G0 F7200 X118.6500 Y111.9564
G1 F2100 E1.00000
G1 F2400 X118.3299 Y111.9089 E0.01514
G1 F2400 X117.7669 Y111.7658 E0.02717
G1 F2400 X117.3500 Y111.4999 E0.02313
G1 F2100 E-1.00000
G0 F7200 X118.6500 Y106.9289
G1 F2100 E1.00000
G1 F2400 X118.5402 Y106.7557 E0.00959
G1 F2400 X118.1047 Y106.4851 E0.02398
G1 F2400 X117.5390 Y106.3447 E0.02726
G1 F2400 X117.3500 Y106.3166 E0.00894
G1 F2100 E-1.00000
G0 F7200 X118.6500 Y104.0328
G1 F2100 E1.00000
G1 F2400 X118.4811 Y103.9904 E0.00815
G1 F2400 X118.0477 Y103.7176 E0.02395
G1 F2400 X117.7760 Y103.2832 E0.02397
G1 F2400 X117.6349 Y102.7181 E0.02724
G1 F2400 X117.5437 Y102.1032 E0.02908
G1 F2400 X117.4027 Y101.5382 E0.02724
G1 F2400 X117.2850 Y101.3500 E0.01038
G1 F2100 E-1.00000
G0 F7200 X113.1178 Y102.6500
G1 F2100 E1.00000
G1 F2400 X112.8313 Y102.5789 E0.01381
G1 F2400 X112.3958 Y102.3083 E0.02398
G1 F2400 X112.1219 Y101.8760 E0.02393
G1 F2400 X111.9890 Y101.3500 E0.02538
G1 F2100 E-1.00000
G0 F7200 X109.7253 Y102.6500
G1 F2100 E1.00000
G1 F2400 X109.6272 Y102.2524 E0.01915
G1 F2400 X109.3577 Y101.8158 E0.02400
G1 F2400 X108.9265 Y101.5408 E0.02392
G1 F2400 X108.3635 Y101.3977 E0.02717
G1 F2400 X108.0420 Y101.3500 E0.01520
G1 F2100 E-1.00000
G0 F7200 X104.3849 Y102.6500
G1 F2100 E1.00000
G1 F2400 X104.3465 Y102.5902 E0.00332
G1 F2400 X104.2027 Y102.0279 E0.02715
G1 F2400 X104.1115 Y101.4130 E0.02907
G1 F2400 X104.0961 Y101.3500 E0.00303
G1 F2100 E-1.00000
G0 F7200 X101.3500 Y102.3764
G1 F2100 E1.00000
G1 F2400 X101.5844 Y102.5279 E0.01305
G1 F2400 X101.8517 Y102.9666 E0.02403
G1 F2400 X101.9902 Y103.5343 E0.02733
G1 F2400 X102.0814 Y104.1492 E0.02907
G1 F2400 X102.2252 Y104.7115 E0.02715
G1 F2400 X102.5013 Y105.1416 E0.02390
G1 F2400 X102.6500 Y105.2328 E0.00816
G1 F2100 E-1.00000
G0 F7200 X102.6500 Y107.9605
G1 F2100 E1.00000
G1 F2400 X102.5626 Y107.9048 E0.00485
G1 F2400 X101.9996 Y107.7617 E0.02717
G1 F2400 X101.3847 Y107.6704 E0.02907
G1 F2400 X101.3500 Y107.6619 E0.00167
G1 F2100 E-1.00000
G0 F7200 X101.3500 Y111.7647
G1 F2100 E1.00000
G1 F2400 X101.3729 Y111.9190 E0.00729
G1 F2400 X101.5153 Y112.4826 E0.02719
G1 F2400 X101.7892 Y112.9149 E0.02393
G1 F2400 X102.2247 Y113.1855 E0.02398
G1 F2400 X102.6500 Y113.2911 E0.02050
G1 F2100 E-1.00000
G0 F7200 X101.3500 Y115.5550
G1 F2100 E1.00000
G1 F2400 X101.8484 Y115.6802 E0.02403
G1 F2400 X102.2817 Y115.9530 E0.02395
G1 F2400 X102.5534 Y116.3874 E0.02397
G1 F2400 X102.6500 Y116.7742 E0.01865
G1 F2100 E-1.00000
G0 F7200 X102.7535 Y117.3500
G1 F2100 E1.00000
G1 F2400 X102.7857 Y117.5674 E0.01028
G1 F2400 X102.9268 Y118.1324 E0.02724
G1 F2400 X103.1985 Y118.5668 E0.02397
G1 F2400 X103.3306 Y118.6500 E0.00730
G1 F2100 E-1.00000
G0 F7200 X107.9139 Y117.3500
G1 F2100 E1.00000
G1 F2400 X107.9336 Y117.3623 E0.00109
G1 F2400 X108.2075 Y117.7945 E0.02393
G1 F2400 X108.3500 Y118.3582 E0.02719
G1 F2400 X108.3932 Y118.6500 E0.01380
G1 F2100 E-1.00000
G0 F7200 X110.6854 Y117.3500
G1 F2100 E1.00000
G1 F2400 X110.7022 Y117.4182 E0.00328
G1 F2400 X110.9718 Y117.8548 E0.02400
G1 F2400 X111.4029 Y118.1297 E0.02392
G1 F2400 X111.9659 Y118.2729 E0.02717
G1 F2400 X112.5808 Y118.3641 E0.02907
G1 F2400 X113.1479 Y118.5032 E0.02731
G1 F2400 X113.3872 Y118.6500 E0.01314
;LAYER_CHANGE
;Z:3.000
;HEIGHT:0.250
; LAYER:11
G1 F7200 Z3.0000
;TYPE:External perimeter
;WIDTH:0.4500
G1 F2100 E-1.00000
G0 F7200 X100.2250 Y100.2250
G1 F2100 E1.00000
G1 F2400 X100.2250 Y119.7750 E0.91439
G1 F2400 X119.7750 Y119.7750 E0.91439
G1 F2400 X119.7750 Y100.2250 E0.91439
G1 F2400 X100.2250 Y100.2250 E0.91439
G1 F2100 E-1.00000
G0 F7200 X116.2250 Y116.2250
G1 F2100 E1.00000
G1 F2400 X103.7750 Y116.2250 E0.58231
G1 F2400 X103.7750 Y103.7750 E0.58231
G1 F2400 X116.2250 Y103.7750 E0.58231
G1 F2400 X116.2250 Y116.2250 E0.58231
;TYPE:Perimeter
;WIDTH:0.4500
G1 F2100 E-1.00000
G0 F7200 X100.6750 Y100.6750
G1 F2100 E1.00000
G1 F2400 X100.6750 Y119.3250 E0.87230
G1 F2400 X119.3250 Y119.3250 E0.87230
G1 F2400 X119.3250 Y100.6750 E0.87230
G1 F2400 X100.6750 Y100.6750 E0.87230
G1 F2100 E-1.00000
G0 F7200 X116.6750 Y116.6750
G1 F2100 E1.00000
G1 F2400 X103.3250 Y116.6750 E0.62441
G1 F2400 X103.3250 Y103.3250 E0.62441
G1 F2400 X116.6750 Y103.3250 E0.62441
G1 F2400 X116.6750 Y116.6750 E0.62441
G1 F2100 E-1.00000
G0 F7200 X101.1250 Y101.1250
G1 F2100 E1.00000
G1 F2400 X101.1250 Y118.8750 E0.83020
G1 F2400 X118.8750 Y118.8750 E0.83020
G1 F2400 X118.8750 Y101.1250 E0.83020
G1 F2400 X101.1250 Y101.1250 E0.83020
G1 F2100 E-1.00000
G0 F7200 X117.1250 Y117.1250
G1 F2100 E1.00000
G1 F2400 X102.8750 Y117.1250 E0.66650
G1 F2400 X102.8750 Y102.8750 E0.66650
G1 F2400 X117.1250 Y102.8750 E0.66650
G1 F2400 X117.1250 Y117.1250 E0.66650
;TYPE:Internal infill
;WIDTH:0.4500
G1 F2100 E-1.00000
G0 F7200 X118.6500 Y117.2850
G1 F2100 E1.00000
G1 F2400 X118.4618 Y117.4027 E0.01038
G1 F2400 X117.8968 Y117.5437 E0.02724
G1 F2400 X117.2819 Y117.6349 E0.02908
G1 F2400 X116.7168 Y117.7760 E0.02724
G1 F2400 X116.2824 Y118.0477 E0.02397
G1 F2400 X116.0096 Y118.4811 E0.02395
G1 F2400 X115.9672 Y118.6500 E0.00815
G1 F2100 E-1.00000
G0 F7200 X113.6834 Y117.3500
G1 F2100 E1.00000
G1 F2400 X113.6553 Y117.5390 E0.00894
G1 F2400 X113.5149 Y118.1047 E0.02726
G1 F2400 X113.2443 Y118.5402 E0.02398
G1 F2400 X113.0711 Y118.6500 E0.00959
G1 F2100 E-1.00000
G0 F7200 X108.5001 Y117.3500
G1 F2100 E1.00000
G1 F2400 X108.2342 Y117.7669 E0.02313
G1 F2400 X108.0911 Y118.3299 E0.02717
G1 F2400 X108.0436 Y118.6500 E0.01514
G1 F2100 E-1.00000
G0 F7200 X105.7494 Y117.3500
G1 F2100 E1.00000
G1 F2400 X105.7395 Y117.3905 E0.00195
G1 F2400 X105.4710 Y117.8282 E0.02401
G1 F2400 X105.0410 Y118.1042 E0.02390
G1 F2400 X104.4787 Y118.2480 E0.02715
G1 F2400 X103.8638 Y118.3393 E0.02907
G1 F2400 X103.2961 Y118.4777 E0.02733
G1 F2400 X103.0133 Y118.6500 E0.01549
G1 F2100 E-1.00000
G0 F7200 X102.6500 Y116.0519
G1 F2100 E1.00000
G1 F2400 X102.3573 Y116.1267 E0.01413
G1 F2400 X101.7425 Y116.2180 E0.02907
G1 F2400 X101.3500 Y116.3137 E0.01889
G1 F2100 E-1.00000
G0 F7200 X101.3500 Y113.3872
G1 F2100 E1.00000
G1 F2400 X101.4968 Y113.1479 E0.01314
G1 F2400 X101.6359 Y112.5808 E0.02731
G1 F2400 X101.7271 Y111.9659 E0.02907
G1 F2400 X101.8703 Y111.4029 E0.02717
G1 F2400 X102.1452 Y110.9718 E0.02392
G1 F2400 X102.5818 Y110.7022 E0.02400
G1 F2400 X102.6500 Y110.6854 E0.00328
G1 F2100 E-1.00000
G0 F7200 X101.3500 Y108.3932
G1 F2100 E1.00000
G1 F2400 X101.6418 Y108.3500 E0.01380
G1 F2400 X102.2055 Y108.2075 E0.02719
G1 F2400 X102.6377 Y107.9336 E0.02393
G1 F2400 X102.6500 Y107.9139 E0.00109
G1 F2100 E-1.00000
G0 F7200 X101.3500 Y103.3306
G1 F2100 E1.00000
G1 F2400 X101.4332 Y103.1985 E0.00730
G1 F2400 X101.8676 Y102.9268 E0.02397
G1 F2400 X102.4326 Y102.7857 E0.02724
G1 F2400 X102.6500 Y102.7535 E0.01028
G1 F2100 E-1.00000
G0 F7200 X103.2258 Y102.6500
G1 F2100 E1.00000
G1 F2400 X103.6126 Y102.5534 E0.01865
G1 F2400 X104.0470 Y102.2817 E0.02397
G1 F2400 X104.3198 Y101.8484 E0.02395
G1 F2400 X104.4450 Y101.3500 E0.02403
G1 F2100 E-1.00000
G0 F7200 X106.7089 Y102.6500
G1 F2100 E1.00000
G1 F2400 X106.8145 Y102.2247 E0.02050
G1 F2400 X107.0851 Y101.7892 E0.02398
G1 F2400 X107.5174 Y101.5153 E0.02393
G1 F2400 X108.0810 Y101.3729 E0.02719
G1 F2400 X108.2353 Y101.3500 E0.00729
G1 F2100 E-1.00000
G0 F7200 X112.0395 Y102.6500
G1 F2100 E1.00000
G1 F2400 X112.0952 Y102.5626 E0.00485
G1 F2400 X112.2383 Y101.9996 E0.02717
G1 F2400 X112.3296 Y101.3847 E0.02907
G1 F2400 X112.3381 Y101.3500 E0.00167
G1 F2100 E-1.00000
G0 F7200 X114.7672 Y102.6500
G1 F2100 E1.00000
G1 F2400 X114.8584 Y102.5013 E0.00816
G1 F2400 X115.2885 Y102.2252 E0.02390
G1 F2400 X115.8508 Y102.0814 E0.02715
G1 F2400 X116.4657 Y101.9902 E0.02907
G1 F2400 X117.0334 Y101.8517 E0.02733
G1 F2400 X117.4721 Y101.5844 E0.02403
G1 F2400 X117.6236 Y101.3500 E0.01305
G1 F2100 E-1.00000
G0 F7200 X118.6500 Y104.0961
G1 F2100 E1.00000
G1 F2400 X118.5870 Y104.1115 E0.00303
G1 F2400 X117.9721 Y104.2027 E0.02907
G1 F2400 X117.4098 Y104.3465 E0.02715
G1 F2400 X117.3500 Y104.3849 E0.00332
G1 F2100 E-1.00000
G0 F7200 X118.6500 Y108.0420
G1 F2100 E1.00000
G1 F2400 X118.6023 Y108.3635 E0.01520
G1 F2400 X118.4592 Y108.9265 E0.02717
G1 F2400 X118.1842 Y109.3577 E0.02392
G1 F2400 X117.7476 Y109.6272 E0.02400
G1 F2400 X117.3500 Y109.7253 E0.01915
G1 F2100 E-1.00000
G0 F7200 X118.6500 Y111.9890
G1 F2100 E1.00000
G1 F2400 X118.1240 Y112.1219 E0.02538
G1 F2400 X117.6917 Y112.3958 E0.02393
G1 F2400 X117.4211 Y112.8313 E0.02398
G1 F2400 X117.3500 Y113.1178 E0.01381
;LAYER_CHANGE
;Z:3.250
;HEIGHT:0.250
; LAYER:12
G1 F7200 Z3.2500
;TYPE:External perimeter
;WIDTH:0.4500
G1 F2100 E-1.00000
G0 F7200 X100.2250 Y100.2250
G1 F2100 E1.00000
G1 F2400 X100.2250 Y119.7750 E0.91439
G1 F2400 X119.7750 Y119.7750 E0.91439
G1 F2400 X119.7750 Y100.2250 E0.91439
G1 F2400 X100.2250 Y100.2250 E0.91439
G1 F2100 E-1.00000
G0 F7200 X116.2250 Y116.2250
G1 F2100 E1.00000
G1 F2400 X103.7750 Y116.2250 E0.58231
G1 F2400 X103.7750 Y103.7750 E0.58231
G1 F2400 X116.2250 Y103.7750 E0.58231
G1 F2400 X116.2250 Y116.2250 E0.58231
;TYPE:Perimeter
;WIDTH:0.4500
G1 F2100 E-1.00000
G0 F7200 X100.6750 Y100.6750
G1 F2100 E1.00000
G1 F2400 X100.6750 Y119.3250 E0.87230
G1 F2400 X119.3250 Y119.3250 E0.87230
G1 F2400 X119.3250 Y100.6750 E0.87230
G1 F2400 X100.6750 Y100.6750 E0.87230
G1 F2100 E-1.00000
G0 F7200 X116.6750 Y116.6750
G1 F2100 E1.00000
G1 F2400 X103.3250 Y116.6750 E0.62441
G1 F2400 X103.3250 Y103.3250 E0.62441
G1 F2400 X116.6750 Y103.3250 E0.62441
G1 F2400 X116.6750 Y116.6750 E0.62441
G1 F2100 E-1.00000
G0 F7200 X101.1250 Y101.1250
G1 F2100 E1.00000
G1 F2400 X101.1250 Y118.8750 E0.83020
G1 F2400 X118.8750 Y118.8750 E0.83020
G1 F2400 X118.8750 Y101.1250 E0.83020
G1 F2400 X101.1250 Y101.1250 E0.83020
G1 F2100 E-1.00000
G0 F7200 X117.1250 Y117.1250
G1 F2100 E1.00000
G1 F2400 X102.8750 Y117.1250 E0.66650
G1 F2400 X102.8750 Y102.8750 E0.66650
G1 F2400 X117.1250 Y102.8750 E0.66650
G1 F2400 X117.1250 Y117.1250 E0.66650
;TYPE:Internal infill
;WIDTH:0.4500
G1 F2100 E-1.00000
G0 F7200 X116.0519 Y117.3500
G1 F2100 E1.00000
G1 F2400 X116.1267 Y117.6427 E0.01413
G1 F2400 X116.2180 Y118.2575 E0.02907
G1 F2400 X116.3137 Y118.6500 E0.01889
G1 F2100 E-1.00000
G0 F7200 X118.6500 Y116.9867
G1 F2100 E1.00000
G1 F2400 X118.4777 Y116.7039 E0.01549
G1 F2400 X118.3393 Y116.1362 E0.02733
G1 F2400 X118.2480 Y115.5213 E0.02907
G1 F2400 X118.1042 Y114.9590 E0.02715
G1 F2400 X117.8282 Y114.5290 E0.02390
G1 F2400 X117.3905 Y114.2605 E0.02401
G1 F2400 X117.3500 Y114.2506 E0.00195
G1 F2100 E-1.00000
G0 F7200 X118.6500 Y111.9564
G1 F2100 E1.00000
G1 F2400 X118.3299 Y111.9089 E0.01514
G1 F2400 X117.7669 Y111.7658 E0.02717
G1 F2400 X117.3500 Y111.4999 E0.02313
G1 F2100 E-1.00000
G0 F7200 X118.6500 Y106.9289
G1 F2100 E1.00000
G1 F2400 X118.5402 Y106.7557 E0.00959
G1 F2400 X118.1047 Y106.4851 E0.02398
G1 F2400 X117.5390 Y106.3447 E0.02726
G1 F2400 X117.3500 Y106.3166 E0.00894
G1 F2100 E-1.00000
G0 F7200 X118.6500 Y104.0328
G1 F2100 E1.00000
G1 F2400 X118.4811 Y103.9904 E0.00815
G1 F2400 X118.0477 Y103.7176 E0.02395
G1 F2400 X117.7760 Y103.2832 E0.02397
G1 F2400 X117.6349 Y102.7181 E0.02724
G1 F2400 X117.5437 Y102.1032 E0.02908
G1 F2400 X117.4027 Y101.5382 E0.02724
G1 F2400 X117.2850 Y101.3500 E0.01038
G1 F2100 E-1.00000
G0 F7200 X113.1178 Y102.6500
G1 F2100 E1.00000
G1 F2400 X112.8313 Y102.5789 E0.01381
G1 F2400 X112.3958 Y102.3083 E0.02398
G1 F2400 X112.1219 Y101.8760 E0.02393
G1 F2400 X111.9890 Y101.3500 E0.02538
G1 F2100 E-1.00000
G0 F7200 X109.7253 Y102.6500
G1 F2100 E1.00000
G1 F2400 X109.6272 Y102.2524 E0.01915
G1 F2400 X109.3577 Y101.8158 E0.02400
G1 F2400 X108.9265 Y101.5408 E0.02392
G1 F2400 X108.3635 Y101.3977 E0.02717
G1 F2400 X108.0420 Y101.3500 E0.01520
G1 F2100 E-1.00000
G0 F7200 X104.3849 Y102.6500
G1 F2100 E1.00000
G1 F2400 X104.3465 Y102.5902 E0.00332
G1 F2400 X104.2027 Y102.0279 E0.02715
G1 F2400 X104.1115 Y101.4130 E0.02907
G1 F2400 X104.0961 Y101.3500 E0.00303
G1 F2100 E-1.00000
G0 F7200 X101.3500 Y102.3764
G1 F2100 E1.00000
G1 F2400 X101.5844 Y102.5279 E0.01305
G1 F2400 X101.8517 Y102.9666 E0.02403
G1 F2400 X101.9902 Y103.5343 E0.02733
G1 F2400 X102.0814 Y104.1492 E0.02907
G1 F2400 X102.2252 Y104.7115 E0.02715
G1 F2400 X102.5013 Y105.1416 E0.02390
G1 F2400 X102.6500 Y105.2328 E0.00816
G1 F2100 E-1.00000
G0 F7200 X102.6500 Y107.9605
G1 F2100 E1.00000
G1 F2400 X102.5626 Y107.9048 E0.00485
G1 F2400 X101.9996 Y107.7617 E0.02717
G1 F2400 X101.3847 Y107.6704 E0.02907
G1 F2400 X101.3500 Y107.6619 E0.00167
G1 F2100 E-1.00000
G0 F7200 X101.3500 Y111.7647
G1 F2100 E1.00000
G1 F2400 X101.3729 Y111.9190 E0.00729
G1 F2400 X101.5153 Y112.4826 E0.02719
G1 F2400 X101.7892 Y112.9149 E0.02393
G1 F2400 X102.2247 Y113.1855 E0.02398
G1 F2400 X102.6500 Y113.2911 E0.02050
G1 F2100 E-1.00000
G0 F7200 X101.3500 Y115.5550
G1 F2100 E1.00000
G1 F2400 X101.8484 Y115.6802 E0.02403
G1 F2400 X102.2817 Y115.9530 E0.02395
G1 F2400 X102.5534 Y116.3874 E0.02397
G1 F2400 X102.6500 Y116.7742 E0.01865
G1 F2100 E-1.00000
G0 F7200 X102.7535 Y117.3500
G1 F2100 E1.00000
G1 F2400 X102.7857 Y117.5674 E0.01028
G1 F2400 X102.9268 Y118.1324 E0.02724
G1 F2400 X103.1985 Y118.5668 E0.02397
G1 F2400 X103.3306 Y118.6500 E0.00730
G1 F2100 E-1.00000
G0 F7200 X107.9139 Y117.3500
G1 F2100 E1.00000
G1 F2400 X107.9336 Y117.3623 E0.00109
G1 F2400 X108.2075 Y117.7945 E0.02393
G1 F2400 X108.3500 Y118.3582 E0.02719
G1 F2400 X108.3932 Y118.6500 E0.01380
G1 F2100 E-1.00000
G0 F7200 X110.6854 Y117.3500
G1 F2100 E1.00000
G1 F2400 X110.7022 Y117.4182 E0.00328
G1 F2400 X110.9718 Y117.8548 E0.02400
G1 F2400 X111.4029 Y118.1297 E0.02392
G1 F2400 X111.9659 Y118.2729 E0.02717
G1 F2400 X112.5808 Y118.3641 E0.02907
G1 F2400 X113.1479 Y118.5032 E0.02731
G1 F2400 X113.3872 Y118.6500 E0.01314
;LAYER_CHANGE
;Z:3.500
;HEIGHT:0.250
; LAYER:13
G1 F7200 Z3.5000
;TYPE:External perimeter
;WIDTH:0.4500
G1 F2100 E-1.00000
G0 F7200 X100.2250 Y100.2250
G1 F2100 E1.00000
G1 F2400 X100.2250 Y119.7750 E0.91439
G1 F2400 X119.7750 Y119.7750 E0.91439
G1 F2400 X119.7750 Y100.2250 E0.91439
G1 F2400 X100.2250 Y100.2250 E0.91439
G1 F2100 E-1.00000
G0 F7200 X116.2250 Y116.2250
G1 F2100 E1.00000
G1 F2400 X103.7750 Y116.2250 E0.58231
G1 F2400 X103.7750 Y103.7750 E0.58231
G1 F2400 X116.2250 Y103.7750 E0.58231
G1 F2400 X116.2250 Y116.2250 E0.58231
;TYPE:Perimeter
;WIDTH:0.4500
G1 F2100 E-1.00000
G0 F7200 X100.6750 Y100.6750
G1 F2100 E1.00000
G1 F2400 X100.6750 Y119.3250 E0.87230
G1 F2400 X119.3250 Y119.3250 E0.87230
G1 F2400 X119.3250 Y100.6750 E0.87230
G1 F2400 X100.6750 Y100.6750 E0.87230
G1 F2100 E-1.00000
G0 F7200 X116.6750 Y116.6750
G1 F2100 E1.00000
G1 F2400 X103.3250 Y116.6750 E0.62441
G1 F2400 X103.3250 Y103.3250 E0.62441
G1 F2400 X116.6750 Y103.3250 E0.62441
G1 F2400 X116.6750 Y116.6750 E0.62441
G1 F2100 E-1.00000
G0 F7200 X101.1250 Y101.1250
G1 F2100 E1.00000
G1 F2400 X101.1250 Y118.8750 E0.83020
G1 F2400 X118.8750 Y118.8750 E0.83020
G1 F2400 X118.8750 Y101.1250 E0.83020
G1 F2400 X101.1250 Y101.1250 E0.83020
G1 F2100 E-1.00000
G0 F7200 X117.1250 Y117.1250
G1 F2100 E1.00000
G1 F2400 X102.8750 Y117.1250 E0.66650
G1 F2400 X102.8750 Y102.8750 E0.66650
G1 F2400 X117.1250 Y102.8750 E0.66650
G1 F2400 X117.1250 Y117.1250 E0.66650
;TYPE:Internal infill
;WIDTH:0.4500
G1 F2100 E-1.00000
G0 F7200 X118.6500 Y117.2850
G1 F2100 E1.00000
G1 F2400 X118.4618 Y117.4027 E0.01038
G1 F2400 X117.8968 Y117.5437 E0.02724
G1 F2400 X117.2819 Y117.6349 E0.02908
G1 F2400 X116.7168 Y117.7760 E0.02724
G1 F2400 X116.2824 Y118.0477 E0.02397
G1 F2400 X116.0096 Y118.4811 E0.02395
G1 F2400 X115.9672 Y118.6500 E0.00815
G1 F2100 E-1.00000
G0 F7200 X113.6834 Y117.3500
G1 F2100 E1.00000
G1 F2400 X113.6553 Y117.5390 E0.00894
G1 F2400 X113.5149 Y118.1047 E0.02726
G1 F2400 X113.2443 Y118.5402 E0.02398
G1 F2400 X113.0711 Y118.6500 E0.00959
G1 F2100 E-1.00000
G0 F7200 X108.5001 Y117.3500
G1 F2100 E1.00000
G1 F2400 X108.2342 Y117.7669 E0.02313
G1 F2400 X108.0911 Y118.3299 E0.02717
G1 F2400 X108.0436 Y118.6500 E0.01514
G1 F2100 E-1.00000
G0 F7200 X105.7494 Y117.3500
G1 F2100 E1.00000
G1 F2400 X105.7395 Y117.3905 E0.00195
G1 F2400 X105.4710 Y117.8282 E0.02401
G1 F2400 X105.0410 Y118.1042 E0.02390
G1 F2400 X104.4787 Y118.2480 E0.02715
G1 F2400 X103.8638 Y118.3393 E0.02907
G1 F2400 X103.2961 Y118.4777 E0.02733
G1 F2400 X103.0133 Y118.6500 E0.01549
G1 F2100 E-1.00000
G0 F7200 X102.6500 Y116.0519
G1 F2100 E1.00000
G1 F2400 X102.3573 Y116.1267 E0.01413
G1 F2400 X101.7425 Y116.2180 E0.02907
G1 F2400 X101.3500 Y116.3137 E0.01889
G1 F2100 E-1.00000
G0 F7200 X101.3500 Y113.3872
G1 F2100 E1.00000
G1 F2400 X101.4968 Y113.1479 E0.01314
G1 F2400 X101.6359 Y112.5808 E0.02731
G1 F2400 X101.7271 Y111.9659 E0.02907
G1 F2400 X101.8703 Y111.4029 E0.02717
G1 F2400 X102.1452 Y110.9718 E0.02392
G1 F2400 X102.5818 Y110.7022 E0.02400
G1 F2400 X102.6500 Y110.6854 E0.00328
G1 F2100 E-1.00000
G0 F7200 X101.3500 Y108.3932
G1 F2100 E1.00000
G1 F2400 X101.6418 Y108.3500 E0.01380
G1 F2400 X102.2055 Y108.2075 E0.02719
G1 F2400 X102.6377 Y107.9336 E0.02393
G1 F2400 X102.6500 Y107.9139 E0.00109
G1 F2100 E-1.00000
G0 F7200 X101.3500 Y103.3306
G1 F2100 E1.00000
G1 F2400 X101.4332 Y103.1985 E0.00730
G1 F2400 X101.8676 Y102.9268 E0.02397
G1 F2400 X102.4326 Y102.7857 E0.02724
G1 F2400 X102.6500 Y102.7535 E0.01028
G1 F2100 E-1.00000
G0 F7200 X103.2258 Y102.6500
G1 F2100 E1.00000
G1 F2400 X103.6126 Y102.5534 E0.01865
G1 F2400 X104.0470 Y102.2817 E0.02397
G1 F2400 X104.3198 Y101.8484 E0.02395
G1 F2400 X104.4450 Y101.3500 E0.02403
G1 F2100 E-1.00000
G0 F7200 X106.7089 Y102.6500
G1 F2100 E1.00000
G1 F2400 X106.8145 Y102.2247 E0.02050
G1 F2400 X107.0851 Y101.7892 E0.02398
G1 F2400 X107.5174 Y101.5153 E0.02393
G1 F2400 X108.0810 Y101.3729 E0.02719
G1 F2400 X108.2353 Y101.3500 E0.00729
G1 F2100 E-1.00000
G0 F7200 X112.0395 Y102.6500
G1 F2100 E1.00000
G1 F2400 X112.0952 Y102.5626 E0.00485
G1 F2400 X112.2383 Y101.9996 E0.02717
G1 F2400 X112.3296 Y101.3847 E0.02907
G1 F2400 X112.3381 Y101.3500 E0.00167
G1 F2100 E-1.00000
G0 F7200 X114.7672 Y102.6500
G1 F2100 E1.00000
G1 F2400 X114.8584 Y102.5013 E0.00816
G1 F2400 X115.2885 Y102.2252 E0.02390
G1 F2400 X115.8508 Y102.0814 E0.02715
G1 F2400 X116.4657 Y101.9902 E0.02907
G1 F2400 X117.0334 Y101.8517 E0.02733
G1 F2400 X117.4721 Y101.5844 E0.02403
G1 F2400 X117.6236 Y101.3500 E0.01305
G1 F2100 E-1.00000
G0 F7200 X118.6500 Y104.0961
G1 F2100 E1.00000
G1 F2400 X118.5870 Y104.1115 E0.00303
G1 F2400 X117.9721 Y104.2027 E0.02907
G1 F2400 X117.4098 Y104.3465 E0.02715
G1 F2400 X117.3500 Y104.3849 E0.00332
G1 F2100 E-1.00000
G0 F7200 X118.6500 Y108.0420
G1 F2100 E1.00000
G1 F2400 X118.6023 Y108.3635 E0.01520
G1 F2400 X118.4592 Y108.9265 E0.02717
G1 F2400 X118.1842 Y109.3577 E0.02392
G1 F2400 X117.7476 Y109.6272 E0.02400
G1 F2400 X117.3500 Y109.7253 E0.01915
G1 F2100 E-1.00000
G0 F7200 X118.6500 Y111.9890
G1 F2100 E1.00000
G1 F2400 X118.1240 Y112.1219 E0.02538
G1 F2400 X117.6917 Y112.3958 E0.02393
G1 F2400 X117.4211 Y112.8313 E0.02398
G1 F2400 X117.3500 Y113.1178 E0.01381
;LAYER_CHANGE
;Z:3.750
;HEIGHT:0.250
; LAYER:14
G1 F7200 Z3.7500
;TYPE:External perimeter
;WIDTH:0.4500
G1 F2100 E-1.00000
G0 F7200 X100.2250 Y100.2250
G1 F2100 E1.00000
G1 F2400 X100.2250 Y119.7750 E0.91439
G1 F2400 X119.7750 Y119.7750 E0.91439
G1 F2400 X119.7750 Y100.2250 E0.91439
G1 F2400 X100.2250 Y100.2250 E0.91439
G1 F2100 E-1.00000
G0 F7200 X116.2250 Y116.2250
G1 F2100 E1.00000
G1 F2400 X103.7750 Y116.2250 E0.58231
G1 F2400 X103.7750 Y103.7750 E0.58231
G1 F2400 X116.2250 Y103.7750 E0.58231
G1 F2400 X116.2250 Y116.2250 E0.58231
;TYPE:Perimeter
;WIDTH:0.4500
G1 F2100 E-1.00000
G0 F7200 X100.6750 Y100.6750
G1 F2100 E1.00000
G1 F2400 X100.6750 Y119.3250 E0.87230
G1 F2400 X119.3250 Y119.3250 E0.87230
G1 F2400 X119.3250 Y100.6750 E0.87230
G1 F2400 X100.6750 Y100.6750 E0.87230
G1 F2100 E-1.00000
G0 F7200 X116.6750 Y116.6750
G1 F2100 E1.00000
G1 F2400 X103.3250 Y116.6750 E0.62441
G1 F2400 X103.3250 Y103.3250 E0.62441
G1 F2400 X116.6750 Y103.3250 E0.62441
G1 F2400 X116.6750 Y116.6750 E0.62441
G1 F2100 E-1.00000
G0 F7200 X101.1250 Y101.1250
G1 F2100 E1.00000
G1 F2400 X101.1250 Y118.8750 E0.83020
G1 F2400 X118.8750 Y118.8750 E0.83020
G1 F2400 X118.8750 Y101.1250 E0.83020
G1 F2400 X101.1250 Y101.1250 E0.83020
G1 F2100 E-1.00000
G0 F7200 X117.1250 Y117.1250
G1 F2100 E1.00000
G1 F2400 X102.8750 Y117.1250 E0.66650
G1 F2400 X102.8750 Y102.8750 E0.66650
G1 F2400 X117.1250 Y102.8750 E0.66650
G1 F2400 X117.1250 Y117.1250 E0.66650
;TYPE:Internal infill
;WIDTH:0.4500
G1 F2100 E-1.00000
G0 F7200 X116.0519 Y117.3500
G1 F2100 E1.00000
G1 F2400 X116.1267 Y117.6427 E0.01413
G1 F2400 X116.2180 Y118.2575 E0.02907
G1 F2400 X116.3137 Y118.6500 E0.01889
G1 F2100 E-1.00000
G0 F7200 X118.6500 Y116.9867
G1 F2100 E1.00000
G1 F2400 X118.4777 Y116.7039 E0.01549
G1 F2400 X118.3393 Y116.1362 E0.02733
G1 F2400 X118.2480 Y115.5213 E0.02907
G1 F2400 X118.1042 Y114.9590 E0.02715
G1 F2400 X117.8282 Y114.5290 E0.02390
G1 F2400 X117.3905 Y114.2605 E0.02401
G1 F2400 X117.3500 Y114.2506 E0.00195
G1 F2100 E-1.00000
G0 F7200 X118.6500 Y111.9564
G1 F2100 E1.00000
G1 F2400 X118.3299 Y111.9089 E0.01514
G1 F2400 X117.7669 Y111.7658 E0.02717
G1 F2400 X117.3500 Y111.4999 E0.02313
G1 F2100 E-1.00000
G0 F7200 X118.6500 Y106.9289
G1 F2100 E1.00000
G1 F2400 X118.5402 Y106.7557 E0.00959
G1 F2400 X118.1047 Y106.4851 E0.02398
G1 F2400 X117.5390 Y106.3447 E0.02726
G1 F2400 X117.3500 Y106.3166 E0.00894
G1 F2100 E-1.00000
G0 F7200 X118.6500 Y104.0328
G1 F2100 E1.00000
G1 F2400 X118.4811 Y103.9904 E0.00815
G1 F2400 X118.0477 Y103.7176 E0.02395
G1 F2400 X117.7760 Y103.2832 E0.02397
G1 F2400 X117.6349 Y102.7181 E0.02724
G1 F2400 X117.5437 Y102.1032 E0.02908
G1 F2400 X117.4027 Y101.5382 E0.02724
G1 F2400 X117.2850 Y101.3500 E0.01038
G1 F2100 E-1.00000
G0 F7200 X113.1178 Y102.6500
G1 F2100 E1.00000
G1 F2400 X112.8313 Y102.5789 E0.01381
G1 F2400 X112.3958 Y102.3083 E0.02398
G1 F2400 X112.1219 Y101.8760 E0.02393
G1 F2400 X111.9890 Y101.3500 E0.02538
G1 F2100 E-1.00000
G0 F7200 X109.7253 Y102.6500
G1 F2100 E1.00000
G1 F2400 X109.6272 Y102.2524 E0.01915
G1 F2400 X109.3577 Y101.8158 E0.02400
G1 F2400 X108.9265 Y101.5408 E0.02392
G1 F2400 X108.3635 Y101.3977 E0.02717
G1 F2400 X108.0420 Y101.3500 E0.01520
G1 F2100 E-1.00000
G0 F7200 X104.3849 Y102.6500
G1 F2100 E1.00000
G1 F2400 X104.3465 Y102.5902 E0.00332
G1 F2400 X104.2027 Y102.0279 E0.02715
G1 F2400 X104.1115 Y101.4130 E0.02907
G1 F2400 X104.0961 Y101.3500 E0.00303
G1 F2100 E-1.00000
G0 F7200 X101.3500 Y102.3764
G1 F2100 E1.00000
G1 F2400 X101.5844 Y102.5279 E0.01305
G1 F2400 X101.8517 Y102.9666 E0.02403
G1 F2400 X101.9902 Y103.5343 E0.02733
G1 F2400 X102.0814 Y104.1492 E0.02907
G1 F2400 X102.2252 Y104.7115 E0.02715
G1 F2400 X102.5013 Y105.1416 E0.02390
G1 F2400 X102.6500 Y105.2328 E0.00816
G1 F2100 E-1.00000
G0 F7200 X102.6500 Y107.9605
G1 F2100 E1.00000
G1 F2400 X102.5626 Y107.9048 E0.00485
G1 F2400 X101.9996 Y107.7617 E0.02717
G1 F2400 X101.3847 Y107.6704 E0.02907
G1 F2400 X101.3500 Y107.6619 E0.00167
G1 F2100 E-1.00000
G0 F7200 X101.3500 Y111.7647
G1 F2100 E1.00000
G1 F2400 X101.3729 Y111.9190 E0.00729
G1 F2400 X101.5153 Y112.4826 E0.02719
G1 F2400 X101.7892 Y112.9149 E0.02393
G1 F2400 X102.2247 Y113.1855 E0.02398
G1 F2400 X102.6500 Y113.2911 E0.02050
G1 F2100 E-1.00000
G0 F7200 X101.3500 Y115.5550
G1 F2100 E1.00000
G1 F2400 X101.8484 Y115.6802 E0.02403
G1 F2400 X102.2817 Y115.9530 E0.02395
G1 F2400 X102.5534 Y116.3874 E0.02397
G1 F2400 X102.6500 Y116.7742 E0.01865
G1 F2100 E-1.00000
G0 F7200 X102.7535 Y117.3500
G1 F2100 E1.00000
G1 F2400 X102.7857 Y117.5674 E0.01028
G1 F2400 X102.9268 Y118.1324 E0.02724
G1 F2400 X103.1985 Y118.5668 E0.02397
G1 F2400 X103.3306 Y118.6500 E0.00730
G1 F2100 E-1.00000
G0 F7200 X107.9139 Y117.3500
G1 F2100 E1.00000
G1 F2400 X107.9336 Y117.3623 E0.00109
G1 F2400 X108.2075 Y117.7945 E0.02393
G1 F2400 X108.3500 Y118.3582 E0.02719
G1 F2400 X108.3932 Y118.6500 E0.01380
G1 F2100 E-1.00000
G0 F7200 X110.6854 Y117.3500
G1 F2100 E1.00000
G1 F2400 X110.7022 Y117.4182 E0.00328
G1 F2400 X110.9718 Y117.8548 E0.02400
G1 F2400 X111.4029 Y118.1297 E0.02392
G1 F2400 X111.9659 Y118.2729 E0.02717
G1 F2400 X112.5808 Y118.3641 E0.02907
G1 F2400 X113.1479 Y118.5032 E0.02731
G1 F2400 X113.3872 Y118.6500 E0.01314
;LAYER_CHANGE
;Z:4.000
;HEIGHT:0.250
; LAYER:15
G1 F7200 Z4.0000
;TYPE:External perimeter
;WIDTH:0.4500
G1 F2100 E-1.00000
G0 F7200 X100.2250 Y100.2250
G1 F2100 E1.00000
G1 F2400 X100.2250 Y119.7750 E0.91439
G1 F2400 X119.7750 Y119.7750 E0.91439
G1 F2400 X119.7750 Y100.2250 E0.91439
G1 F2400 X100.2250 Y100.2250 E0.91439
G1 F2100 E-1.00000
G0 F7200 X116.2250 Y116.2250
G1 F2100 E1.00000
G1 F2400 X103.7750 Y116.2250 E0.58231
G1 F2400 X103.7750 Y103.7750 E0.58231
G1 F2400 X116.2250 Y103.7750 E0.58231
G1 F2400 X116.2250 Y116.2250 E0.58231
;TYPE:Perimeter
;WIDTH:0.4500
G1 F2100 E-1.00000
G0 F7200 X100.6750 Y100.6750
G1 F2100 E1.00000
G1 F2400 X100.6750 Y119.3250 E0.87230
G1 F2400 X119.3250 Y119.3250 E0.87230
G1 F2400 X119.3250 Y100.6750 E0.87230
G1 F2400 X100.6750 Y100.6750 E0.87230
G1 F2100 E-1.00000
G0 F7200 X116.6750 Y116.6750
G1 F2100 E1.00000
G1 F2400 X103.3250 Y116.6750 E0.62441
G1 F2400 X103.3250 Y103.3250 E0.62441
G1 F2400 X116.6750 Y103.3250 E0.62441
G1 F2400 X116.6750 Y116.6750 E0.62441
G1 F2100 E-1.00000
G0 F7200 X101.1250 Y101.1250
G1 F2100 E1.00000
G1 F2400 X101.1250 Y118.8750 E0.83020
G1 F2400 X118.8750 Y118.8750 E0.83020
G1 F2400 X118.8750 Y101.1250 E0.83020
G1 F2400 X101.1250 Y101.1250 E0.83020
G1 F2100 E-1.00000
G0 F7200 X117.1250 Y117.1250
G1 F2100 E1.00000
G1 F2400 X102.8750 Y117.1250 E0.66650
G1 F2400 X102.8750 Y102.8750 E0.66650
G1 F2400 X117.1250 Y102.8750 E0.66650
G1 F2400 X117.1250 Y117.1250 E0.66650
;TYPE:Internal infill
;WIDTH:0.4500
G1 F2100 E-1.00000
G0 F7200 X118.6500 Y117.2850
G1 F2100 E1.00000
G1 F2400 X118.4618 Y117.4027 E0.01038
G1 F2400 X117.8968 Y117.5437 E0.02724
G1 F2400 X117.2819 Y117.6349 E0.02908
G1 F2400 X116.7168 Y117.7760 E0.02724
G1 F2400 X116.2824 Y118.0477 E0.02397
G1 F2400 X116.0096 Y118.4811 E0.02395
G1 F2400 X115.9672 Y118.6500 E0.00815
G1 F2100 E-1.00000
G0 F7200 X113.6834 Y117.3500
G1 F2100 E1.00000
G1 F2400 X113.6553 Y117.5390 E0.00894
G1 F2400 X113.5149 Y118.1047 E0.02726
G1 F2400 X113.2443 Y118.5402 E0.02398
G1 F2400 X113.0711 Y118.6500 E0.00959
G1 F2100 E-1.00000
G0 F7200 X108.5001 Y117.3500
G1 F2100 E1.00000
G1 F2400 X108.2342 Y117.7669 E0.02313
G1 F2400 X108.0911 Y118.3299 E0.02717
G1 F2400 X108.0436 Y118.6500 E0.01514
G1 F2100 E-1.00000
G0 F7200 X105.7494 Y117.3500
G1 F2100 E1.00000
G1 F2400 X105.7395 Y117.3905 E0.00195
G1 F2400 X105.4710 Y117.8282 E0.02401
G1 F2400 X105.0410 Y118.1042 E0.02390
G1 F2400 X104.4787 Y118.2480 E0.02715
G1 F2400 X103.8638 Y118.3393 E0.02907
G1 F2400 X103.2961 Y118.4777 E0.02733
G1 F2400 X103.0133 Y118.6500 E0.01549
G1 F2100 E-1.00000
G0 F7200 X102.6500 Y116.0519
G1 F2100 E1.00000
G1 F2400 X102.3573 Y116.1267 E0.01413
G1 F2400 X101.7425 Y116.2180 E0.02907
G1 F2400 X101.3500 Y116.3137 E0.01889
G1 F2100 E-1.00000
G0 F7200 X101.3500 Y113.3872
G1 F2100 E1.00000
G1 F2400 X101.4968 Y113.1479 E0.01314
G1 F2400 X101.6359 Y112.5808 E0.02731
G1 F2400 X101.7271 Y111.9659 E0.02907
G1 F2400 X101.8703 Y111.4029 E0.02717
G1 F2400 X102.1452 Y110.9718 E0.02392
G1 F2400 X102.5818 Y110.7022 E0.02400
G1 F2400 X102.6500 Y110.6854 E0.00328
G1 F2100 E-1.00000
G0 F7200 X101.3500 Y108.3932
G1 F2100 E1.00000
G1 F2400 X101.6418 Y108.3500 E0.01380
G1 F2400 X102.2055 Y108.2075 E0.02719
G1 F2400 X102.6377 Y107.9336 E0.02393
G1 F2400 X102.6500 Y107.9139 E0.00109
G1 F2100 E-1.00000
G0 F7200 X101.3500 Y103.3306
G1 F2100 E1.00000
G1 F2400 X101.4332 Y103.1985 E0.00730
G1 F2400 X101.8676 Y102.9268 E0.02397
G1 F2400 X102.4326 Y102.7857 E0.02724
G1 F2400 X102.6500 Y102.7535 E0.01028
G1 F2100 E-1.00000
G0 F7200 X103.2258 Y102.6500
G1 F2100 E1.00000
G1 F2400 X103.6126 Y102.5534 E0.01865
G1 F2400 X104.0470 Y102.2817 E0.02397
G1 F2400 X104.3198 Y101.8484 E0.02395
G1 F2400 X104.4450 Y101.3500 E0.02403
G1 F2100 E-1.00000
G0 F7200 X106.7089 Y102.6500
G1 F2100 E1.00000
G1 F2400 X106.8145 Y102.2247 E0.02050
G1 F2400 X107.0851 Y101.7892 E0.02398
G1 F2400 X107.5174 Y101.5153 E0.02393
G1 F2400 X108.0810 Y101.3729 E0.02719
G1 F2400 X108.2353 Y101.3500 E0.00729
G1 F2100 E-1.00000
G0 F7200 X112.0395 Y102.6500
G1 F2100 E1.00000
G1 F2400 X112.0952 Y102.5626 E0.00485
G1 F2400 X112.2383 Y101.9996 E0.02717
G1 F2400 X112.3296 Y101.3847 E0.02907
G1 F2400 X112.3381 Y101.3500 E0.00167
G1 F2100 E-1.00000
G0 F7200 X114.7672 Y102.6500
G1 F2100 E1.00000
G1 F2400 X114.8584 Y102.5013 E0.00816
G1 F2400 X115.2885 Y102.2252 E0.02390
G1 F2400 X115.8508 Y102.0814 E0.02715
G1 F2400 X116.4657 Y101.9902 E0.02907
G1 F2400 X117.0334 Y101.8517 E0.02733
G1 F2400 X117.4721 Y101.5844 E0.02403
G1 F2400 X117.6236 Y101.3500 E0.01305
G1 F2100 E-1.00000
G0 F7200 X118.6500 Y104.0961
G1 F2100 E1.00000
G1 F2400 X118.5870 Y104.1115 E0.00303
G1 F2400 X117.9721 Y104.2027 E0.02907
G1 F2400 X117.4098 Y104.3465 E0.02715
G1 F2400 X117.3500 Y104.3849 E0.00332
G1 F2100 E-1.00000
G0 F7200 X118.6500 Y108.0420
G1 F2100 E1.00000
G1 F2400 X118.6023 Y108.3635 E0.01520
G1 F2400 X118.4592 Y108.9265 E0.02717
G1 F2400 X118.1842 Y109.3577 E0.02392
G1 F2400 X117.7476 Y109.6272 E0.02400
G1 F2400 X117.3500 Y109.7253 E0.01915
G1 F2100 E-1.00000
G0 F7200 X118.6500 Y111.9890
G1 F2100 E1.00000
G1 F2400 X118.1240 Y112.1219 E0.02538
G1 F2400 X117.6917 Y112.3958 E0.02393
G1 F2400 X117.4211 Y112.8313 E0.02398
G1 F2400 X117.3500 Y113.1178 E0.01381
;LAYER_CHANGE
;Z:4.250
;HEIGHT:0.250
; LAYER:16
G1 F7200 Z4.2500
;TYPE:External perimeter
;WIDTH:0.4500
G1 F2100 E-1.00000
G0 F7200 X100.2250 Y100.2250
G1 F2100 E1.00000
G1 F2400 X100.2250 Y119.7750 E0.91439
G1 F2400 X119.7750 Y119.7750 E0.91439
G1 F2400 X119.7750 Y100.2250 E0.91439
G1 F2400 X100.2250 Y100.2250 E0.91439
G1 F2100 E-1.00000
G0 F7200 X116.2250 Y116.2250
G1 F2100 E1.00000
G1 F2400 X103.7750 Y116.2250 E0.58231
G1 F2400 X103.7750 Y103.7750 E0.58231
G1 F2400 X116.2250 Y103.7750 E0.58231
G1 F2400 X116.2250 Y116.2250 E0.58231
;TYPE:Perimeter
;WIDTH:0.4500
G1 F2100 E-1.00000
G0 F7200 X100.6750 Y100.6750
G1 F2100 E1.00000
G1 F2400 X100.6750 Y119.3250 E0.87230
G1 F2400 X119.3250 Y119.3250 E0.87230
G1 F2400 X119.3250 Y100.6750 E0.87230
G1 F2400 X100.6750 Y100.6750 E0.87230
G1 F2100 E-1.00000
G0 F7200 X116.6750 Y116.6750
G1 F2100 E1.00000
G1 F2400 X103.3250 Y116.6750 E0.62441
G1 F2400 X103.3250 Y103.3250 E0.62441
G1 F2400 X116.6750 Y103.3250 E0.62441
G1 F2400 X116.6750 Y116.6750 E0.62441
G1 F2100 E-1.00000
G0 F7200 X101.1250 Y101.1250
G1 F2100 E1.00000
G1 F2400 X101.1250 Y118.8750 E0.83020
G1 F2400 X118.8750 Y118.8750 E0.83020
G1 F2400 X118.8750 Y101.1250 E0.83020
G1 F2400 X101.1250 Y101.1250 E0.83020
G1 F2100 E-1.00000
G0 F7200 X117.1250 Y117.1250
G1 F2100 E1.00000
G1 F2400 X102.8750 Y117.1250 E0.66650
G1 F2400 X102.8750 Y102.8750 E0.66650
G1 F2400 X117.1250 Y102.8750 E0.66650
G1 F2400 X117.1250 Y117.1250 E0.66650
;TYPE:Internal infill
;WIDTH:0.4500
G1 F2100 E-1.00000
G0 F7200 X116.0519 Y117.3500
G1 F2100 E1.00000
G1 F2400 X116.1267 Y117.6427 E0.01413
G1 F2400 X116.2180 Y118.2575 E0.02907
G1 F2400 X116.3137 Y118.6500 E0.01889
G1 F2100 E-1.00000
G0 F7200 X118.6500 Y116.9867
G1 F2100 E1.00000
G1 F2400 X118.4777 Y116.7039 E0.01549
G1 F2400 X118.3393 Y116.1362 E0.02733
G1 F2400 X118.2480 Y115.5213 E0.02907
G1 F2400 X118.1042 Y114.9590 E0.02715
G1 F2400 X117.8282 Y114.5290 E0.02390
G1 F2400 X117.3905 Y114.2605 E0.02401
G1 F2400 X117.3500 Y114.2506 E0.00195
G1 F2100 E-1.00000
G0 F7200 X118.6500 Y111.9564
G1 F2100 E1.00000
G1 F2400 X118.3299 Y111.9089 E0.01514
G1 F2400 X117.7669 Y111.7658 E0.02717
G1 F2400 X117.3500 Y111.4999 E0.02313
G1 F2100 E-1.00000
G0 F7200 X118.6500 Y106.9289
G1 F2100 E1.00000
G1 F2400 X118.5402 Y106.7557 E0.00959
G1 F2400 X118.1047 Y106.4851 E0.02398
G1 F2400 X117.5390 Y106.3447 E0.02726
G1 F2400 X117.3500 Y106.3166 E0.00894
G1 F2100 E-1.00000
G0 F7200 X118.6500 Y104.0328
G1 F2100 E1.00000
G1 F2400 X118.4811 Y103.9904 E0.00815
G1 F2400 X118.0477 Y103.7176 E0.02395
G1 F2400 X117.7760 Y103.2832 E0.02397
G1 F2400 X117.6349 Y102.7181 E0.02724
G1 F2400 X117.5437 Y102.1032 E0.02908
G1 F2400 X117.4027 Y101.5382 E0.02724
G1 F2400 X117.2850 Y101.3500 E0.01038
G1 F2100 E-1.00000
G0 F7200 X113.1178 Y102.6500
G1 F2100 E1.00000
G1 F2400 X112.8313 Y102.5789 E0.01381
G1 F2400 X112.3958 Y102.3083 E0.02398
G1 F2400 X112.1219 Y101.8760 E0.02393
G1 F2400 X111.9890 Y101.3500 E0.02538
G1 F2100 E-1.00000
G0 F7200 X109.7253 Y102.6500
G1 F2100 E1.00000
G1 F2400 X109.6272 Y102.2524 E0.01915
G1 F2400 X109.3577 Y101.8158 E0.02400
G1 F2400 X108.9265 Y101.5408 E0.02392
G1 F2400 X108.3635 Y101.3977 E0.02717
G1 F2400 X108.0420 Y101.3500 E0.01520
G1 F2100 E-1.00000
G0 F7200 X104.3849 Y102.6500
G1 F2100 E1.00000
G1 F2400 X104.3465 Y102.5902 E0.00332
G1 F2400 X104.2027 Y102.0279 E0.02715
G1 F2400 X104.1115 Y101.4130 E0.02907
G1 F2400 X104.0961 Y101.3500 E0.00303
G1 F2100 E-1.00000
G0 F7200 X101.3500 Y102.3764
G1 F2100 E1.00000
G1 F2400 X101.5844 Y102.5279 E0.01305
G1 F2400 X101.8517 Y102.9666 E0.02403
G1 F2400 X101.9902 Y103.5343 E0.02733
G1 F2400 X102.0814 Y104.1492 E0.02907
G1 F2400 X102.2252 Y104.7115 E0.02715
G1 F2400 X102.5013 Y105.1416 E0.02390
G1 F2400 X102.6500 Y105.2328 E0.00816
G1 F2100 E-1.00000
G0 F7200 X102.6500 Y107.9605
G1 F2100 E1.00000
G1 F2400 X102.5626 Y107.9048 E0.00485
G1 F2400 X101.9996 Y107.7617 E0.02717
G1 F2400 X101.3847 Y107.6704 E0.02907
G1 F2400 X101.3500 Y107.6619 E0.00167
G1 F2100 E-1.00000
G0 F7200 X101.3500 Y111.7647
G1 F2100 E1.00000
G1 F2400 X101.3729 Y111.9190 E0.00729
G1 F2400 X101.5153 Y112.4826 E0.02719
G1 F2400 X101.7892 Y112.9149 E0.02393
G1 F2400 X102.2247 Y113.1855 E0.02398
G1 F2400 X102.6500 Y113.2911 E0.02050
G1 F2100 E-1.00000
G0 F7200 X101.3500 Y115.5550
G1 F2100 E1.00000
G1 F2400 X101.8484 Y115.6802 E0.02403
G1 F2400 X102.2817 Y115.9530 E0.02395
G1 F2400 X102.5534 Y116.3874 E0.02397
G1 F2400 X102.6500 Y116.7742 E0.01865
G1 F2100 E-1.00000
G0 F7200 X102.7535 Y117.3500
G1 F2100 E1.00000
G1 F2400 X102.7857 Y117.5674 E0.01028
G1 F2400 X102.9268 Y118.1324 E0.02724
G1 F2400 X103.1985 Y118.5668 E0.02397
G1 F2400 X103.3306 Y118.6500 E0.00730
G1 F2100 E-1.00000
G0 F7200 X107.9139 Y117.3500
G1 F2100 E1.00000
G1 F2400 X107.9336 Y117.3623 E0.00109
G1 F2400 X108.2075 Y117.7945 E0.02393
G1 F2400 X108.3500 Y118.3582 E0.02719
G1 F2400 X108.3932 Y118.6500 E0.01380
G1 F2100 E-1.00000
G0 F7200 X110.6854 Y117.3500
G1 F2100 E1.00000
G1 F2400 X110.7022 Y117.4182 E0.00328
G1 F2400 X110.9718 Y117.8548 E0.02400
G1 F2400 X111.4029 Y118.1297 E0.02392
G1 F2400 X111.9659 Y118.2729 E0.02717
G1 F2400 X112.5808 Y118.3641 E0.02907
G1 F2400 X113.1479 Y118.5032 E0.02731
G1 F2400 X113.3872 Y118.6500 E0.01314
;LAYER_CHANGE
;Z:4.500
;HEIGHT:0.250
; LAYER:17
G1 F7200 Z4.5000
;TYPE:External perimeter
;WIDTH:0.4500
G1 F2100 E-1.00000
G0 F7200 X100.2250 Y100.2250
G1 F2100 E1.00000
G1 F2400 X100.2250 Y119.7750 E0.91439
G1 F2400 X119.7750 Y119.7750 E0.91439
G1 F2400 X119.7750 Y100.2250 E0.91439
G1 F2400 X100.2250 Y100.2250 E0.91439
G1 F2100 E-1.00000
G0 F7200 X116.2250 Y116.2250
G1 F2100 E1.00000
G1 F2400 X103.7750 Y116.2250 E0.58231
G1 F2400 X103.7750 Y103.7750 E0.58231
G1 F2400 X116.2250 Y103.7750 E0.58231
G1 F2400 X116.2250 Y116.2250 E0.58231
;TYPE:Perimeter
;WIDTH:0.4500
G1 F2100 E-1.00000
G0 F7200 X100.6750 Y100.6750
G1 F2100 E1.00000
G1 F2400 X100.6750 Y119.3250 E0.87230
G1 F2400 X119.3250 Y119.3250 E0.87230
G1 F2400 X119.3250 Y100.6750 E0.87230
G1 F2400 X100.6750 Y100.6750 E0.87230
G1 F2100 E-1.00000
G0 F7200 X116.6750 Y116.6750
G1 F2100 E1.00000
G1 F2400 X103.3250 Y116.6750 E0.62441
G1 F2400 X103.3250 Y103.3250 E0.62441
G1 F2400 X116.6750 Y103.3250 E0.62441
G1 F2400 X116.6750 Y116.6750 E0.62441
G1 F2100 E-1.00000
G0 F7200 X101.1250 Y101.1250
G1 F2100 E1.00000
G1 F2400 X101.1250 Y118.8750 E0.83020
G1 F2400 X118.8750 Y118.8750 E0.83020
G1 F2400 X118.8750 Y101.1250 E0.83020
G1 F2400 X101.1250 Y101.1250 E0.83020
G1 F2100 E-1.00000
G0 F7200 X117.1250 Y117.1250
G1 F2100 E1.00000
G1 F2400 X102.8750 Y117.1250 E0.66650
G1 F2400 X102.8750 Y102.8750 E0.66650
G1 F2400 X117.1250 Y102.8750 E0.66650
G1 F2400 X117.1250 Y117.1250 E0.66650
;TYPE:Internal infill
;WIDTH:0.4500
G1 F2100 E-1.00000
G0 F7200 X118.6500 Y117.2850
G1 F2100 E1.00000
G1 F2400 X118.4618 Y117.4027 E0.01038
G1 F2400 X117.8968 Y117.5437 E0.02724
G1 F2400 X117.2819 Y117.6349 E0.02908
G1 F2400 X116.7168 Y117.7760 E0.02724
G1 F2400 X116.2824 Y118.0477 E0.02397
G1 F2400 X116.0096 Y118.4811 E0.02395
G1 F2400 X115.9672 Y118.6500 E0.00815
G1 F2100 E-1.00000
G0 F7200 X113.6834 Y117.3500
G1 F2100 E1.00000
G1 F2400 X113.6553 Y117.5390 E0.00894
G1 F2400 X113.5149 Y118.1047 E0.02726
G1 F2400 X113.2443 Y118.5402 E0.02398
G1 F2400 X113.0711 Y118.6500 E0.00959
G1 F2100 E-1.00000
G0 F7200 X108.5001 Y117.3500
G1 F2100 E1.00000
G1 F2400 X108.2342 Y117.7669 E0.02313
G1 F2400 X108.0911 Y118.3299 E0.02717
G1 F2400 X108.0436 Y118.6500 E0.01514
G1 F2100 E-1.00000
G0 F7200 X105.7494 Y117.3500
G1 F2100 E1.00000
G1 F2400 X105.7395 Y117.3905 E0.00195
G1 F2400 X105.4710 Y117.8282 E0.02401
G1 F2400 X105.0410 Y118.1042 E0.02390
G1 F2400 X104.4787 Y118.2480 E0.02715
G1 F2400 X103.8638 Y118.3393 E0.02907
G1 F2400 X103.2961 Y118.4777 E0.02733
G1 F2400 X103.0133 Y118.6500 E0.01549
G1 F2100 E-1.00000
G0 F7200 X102.6500 Y116.0519
G1 F2100 E1.00000
G1 F2400 X102.3573 Y116.1267 E0.01413
G1 F2400 X101.7425 Y116.2180 E0.02907
G1 F2400 X101.3500 Y116.3137 E0.01889
G1 F2100 E-1.00000
G0 F7200 X101.3500 Y113.3872
G1 F2100 E1.00000
G1 F2400 X101.4968 Y113.1479 E0.01314
G1 F2400 X101.6359 Y112.5808 E0.02731
G1 F2400 X101.7271 Y111.9659 E0.02907
G1 F2400 X101.8703 Y111.4029 E0.02717
G1 F2400 X102.1452 Y110.9718 E0.02392
G1 F2400 X102.5818 Y110.7022 E0.02400
G1 F2400 X102.6500 Y110.6854 E0.00328
G1 F2100 E-1.00000
G0 F7200 X101.3500 Y108.3932
G1 F2100 E1.00000
G1 F2400 X101.6418 Y108.3500 E0.01380
G1 F2400 X102.2055 Y108.2075 E0.02719
G1 F2400 X102.6377 Y107.9336 E0.02393
G1 F2400 X102.6500 Y107.9139 E0.00109
G1 F2100 E-1.00000
G0 F7200 X101.3500 Y103.3306
G1 F2100 E1.00000
G1 F2400 X101.4332 Y103.1985 E0.00730
G1 F2400 X101.8676 Y102.9268 E0.02397
G1 F2400 X102.4326 Y102.7857 E0.02724
G1 F2400 X102.6500 Y102.7535 E0.01028
G1 F2100 E-1.00000
G0 F7200 X103.2258 Y102.6500
G1 F2100 E1.00000
G1 F2400 X103.6126 Y102.5534 E0.01865
G1 F2400 X104.0470 Y102.2817 E0.02397
G1 F2400 X104.3198 Y101.8484 E0.02395
G1 F2400 X104.4450 Y101.3500 E0.02403
G1 F2100 E-1.00000
G0 F7200 X106.7089 Y102.6500
G1 F2100 E1.00000
G1 F2400 X106.8145 Y102.2247 E0.02050
G1 F2400 X107.0851 Y101.7892 E0.02398
G1 F2400 X107.5174 Y101.5153 E0.02393
G1 F2400 X108.0810 Y101.3729 E0.02719
G1 F2400 X108.2353 Y101.3500 E0.00729
G1 F2100 E-1.00000
G0 F7200 X112.0395 Y102.6500
G1 F2100 E1.00000
G1 F2400 X112.0952 Y102.5626 E0.00485
G1 F2400 X112.2383 Y101.9996 E0.02717
G1 F2400 X112.3296 Y101.3847 E0.02907
G1 F2400 X112.3381 Y101.3500 E0.00167
G1 F2100 E-1.00000
G0 F7200 X114.7672 Y102.6500
G1 F2100 E1.00000
G1 F2400 X114.8584 Y102.5013 E0.00816
G1 F2400 X115.2885 Y102.2252 E0.02390
G1 F2400 X115.8508 Y102.0814 E0.02715
G1 F2400 X116.4657 Y101.9902 E0.02907
G1 F2400 X117.0334 Y101.8517 E0.02733
G1 F2400 X117.4721 Y101.5844 E0.02403
G1 F2400 X117.6236 Y101.3500 E0.01305
G1 F2100 E-1.00000
G0 F7200 X118.6500 Y104.0961
G1 F2100 E1.00000
G1 F2400 X118.5870 Y104.1115 E0.00303
G1 F2400 X117.9721 Y104.2027 E0.02907
G1 F2400 X117.4098 Y104.3465 E0.02715
G1 F2400 X117.3500 Y104.3849 E0.00332
G1 F2100 E-1.00000
G0 F7200 X118.6500 Y108.0420
G1 F2100 E1.00000
G1 F2400 X118.6023 Y108.3635 E0.01520
G1 F2400 X118.4592 Y108.9265 E0.02717
G1 F2400 X118.1842 Y109.3577 E0.02392
G1 F2400 X117.7476 Y109.6272 E0.02400
G1 F2400 X117.3500 Y109.7253 E0.01915
G1 F2100 E-1.00000
G0 F7200 X118.6500 Y111.9890
G1 F2100 E1.00000
G1 F2400 X118.1240 Y112.1219 E0.02538
G1 F2400 X117.6917 Y112.3958 E0.02393
G1 F2400 X117.4211 Y112.8313 E0.02398
G1 F2400 X117.3500 Y113.1178 E0.01381
;LAYER_CHANGE
;Z:4.750
;HEIGHT:0.250
; LAYER:18
G1 F7200 Z4.7500
;TYPE:External perimeter
;WIDTH:0.4500
G1 F2100 E-1.00000
G0 F7200 X100.2250 Y100.2250
G1 F2100 E1.00000
G1 F2400 X100.2250 Y119.7750 E0.91439
G1 F2400 X119.7750 Y119.7750 E0.91439
G1 F2400 X119.7750 Y100.2250 E0.91439
G1 F2400 X100.2250 Y100.2250 E0.91439
G1 F2100 E-1.00000
G0 F7200 X116.2250 Y116.2250
G1 F2100 E1.00000
G1 F2400 X103.7750 Y116.2250 E0.58231
G1 F2400 X103.7750 Y103.7750 E0.58231
G1 F2400 X116.2250 Y103.7750 E0.58231
G1 F2400 X116.2250 Y116.2250 E0.58231
;TYPE:Perimeter
;WIDTH:0.4500
G1 F2100 E-1.00000
G0 F7200 X100.6750 Y100.6750
G1 F2100 E1.00000
G1 F2400 X100.6750 Y119.3250 E0.87230
G1 F2400 X119.3250 Y119.3250 E0.87230
G1 F2400 X119.3250 Y100.6750 E0.87230
G1 F2400 X100.6750 Y100.6750 E0.87230
G1 F2100 E-1.00000
G0 F7200 X116.6750 Y116.6750
G1 F2100 E1.00000
G1 F2400 X103.3250 Y116.6750 E0.62441
G1 F2400 X103.3250 Y103.3250 E0.62441
G1 F2400 X116.6750 Y103.3250 E0.62441
G1 F2400 X116.6750 Y116.6750 E0.62441
G1 F2100 E-1.00000
G0 F7200 X101.1250 Y101.1250
G1 F2100 E1.00000
G1 F2400 X101.1250 Y118.8750 E0.83020
G1 F2400 X118.8750 Y118.8750 E0.83020
G1 F2400 X118.8750 Y101.1250 E0.83020
G1 F2400 X101.1250 Y101.1250 E0.83020
G1 F2100 E-1.00000
G0 F7200 X117.1250 Y117.1250
G1 F2100 E1.00000
G1 F2400 X102.8750 Y117.1250 E0.66650
G1 F2400 X102.8750 Y102.8750 E0.66650
G1 F2400 X117.1250 Y102.8750 E0.66650
G1 F2400 X117.1250 Y117.1250 E0.66650
;TYPE:Internal infill
;WIDTH:0.4500
G1 F2100 E-1.00000
G0 F7200 X116.0519 Y117.3500
G1 F2100 E1.00000
G1 F2400 X116.1267 Y117.6427 E0.01413
G1 F2400 X116.2180 Y118.2575 E0.02907
G1 F2400 X116.3137 Y118.6500 E0.01889
G1 F2100 E-1.00000
G0 F7200 X118.6500 Y116.9867
G1 F2100 E1.00000
G1 F2400 X118.4777 Y116.7039 E0.01549
G1 F2400 X118.3393 Y116.1362 E0.02733
G1 F2400 X118.2480 Y115.5213 E0.02907
G1 F2400 X118.1042 Y114.9590 E0.02715
G1 F2400 X117.8282 Y114.5290 E0.02390
G1 F2400 X117.3905 Y114.2605 E0.02401
G1 F2400 X117.3500 Y114.2506 E0.00195
G1 F2100 E-1.00000
G0 F7200 X118.6500 Y111.9564
G1 F2100 E1.00000
G1 F2400 X118.3299 Y111.9089 E0.01514
G1 F2400 X117.7669 Y111.7658 E0.02717
G1 F2400 X117.3500 Y111.4999 E0.02313
G1 F2100 E-1.00000
G0 F7200 X118.6500 Y106.9289
G1 F2100 E1.00000
G1 F2400 X118.5402 Y106.7557 E0.00959
G1 F2400 X118.1047 Y106.4851 E0.02398
G1 F2400 X117.5390 Y106.3447 E0.02726
G1 F2400 X117.3500 Y106.3166 E0.00894
G1 F2100 E-1.00000
G0 F7200 X118.6500 Y104.0328
G1 F2100 E1.00000
G1 F2400 X118.4811 Y103.9904 E0.00815
G1 F2400 X118.0477 Y103.7176 E0.02395
G1 F2400 X117.7760 Y103.2832 E0.02397
G1 F2400 X117.6349 Y102.7181 E0.02724
G1 F2400 X117.5437 Y102.1032 E0.02908
G1 F2400 X117.4027 Y101.5382 E0.02724
G1 F2400 X117.2850 Y101.3500 E0.01038
G1 F2100 E-1.00000
G0 F7200 X113.1178 Y102.6500
G1 F2100 E1.00000
G1 F2400 X112.8313 Y102.5789 E0.01381
G1 F2400 X112.3958 Y102.3083 E0.02398
G1 F2400 X112.1219 Y101.8760 E0.02393
G1 F2400 X111.9890 Y101.3500 E0.02538
G1 F2100 E-1.00000
G0 F7200 X109.7253 Y102.6500
G1 F2100 E1.00000
G1 F2400 X109.6272 Y102.2524 E0.01915
G1 F2400 X109.3577 Y101.8158 E0.02400
G1 F2400 X108.9265 Y101.5408 E0.02392
G1 F2400 X108.3635 Y101.3977 E0.02717
G1 F2400 X108.0420 Y101.3500 E0.01520
G1 F2100 E-1.00000
G0 F7200 X104.3849 Y102.6500
G1 F2100 E1.00000
G1 F2400 X104.3465 Y102.5902 E0.00332
G1 F2400 X104.2027 Y102.0279 E0.02715
G1 F2400 X104.1115 Y101.4130 E0.02907
G1 F2400 X104.0961 Y101.3500 E0.00303
G1 F2100 E-1.00000
G0 F7200 X101.3500 Y102.3764
G1 F2100 E1.00000
G1 F2400 X101.5844 Y102.5279 E0.01305
G1 F2400 X101.8517 Y102.9666 E0.02403
G1 F2400 X101.9902 Y103.5343 E0.02733
G1 F2400 X102.0814 Y104.1492 E0.02907
G1 F2400 X102.2252 Y104.7115 E0.02715
G1 F2400 X102.5013 Y105.1416 E0.02390
G1 F2400 X102.6500 Y105.2328 E0.00816
G1 F2100 E-1.00000
G0 F7200 X102.6500 Y107.9605
G1 F2100 E1.00000
G1 F2400 X102.5626 Y107.9048 E0.00485
G1 F2400 X101.9996 Y107.7617 E0.02717
G1 F2400 X101.3847 Y107.6704 E0.02907
G1 F2400 X101.3500 Y107.6619 E0.00167
G1 F2100 E-1.00000
G0 F7200 X101.3500 Y111.7647
G1 F2100 E1.00000
G1 F2400 X101.3729 Y111.9190 E0.00729
G1 F2400 X101.5153 Y112.4826 E0.02719
G1 F2400 X101.7892 Y112.9149 E0.02393
G1 F2400 X102.2247 Y113.1855 E0.02398
G1 F2400 X102.6500 Y113.2911 E0.02050
G1 F2100 E-1.00000
G0 F7200 X101.3500 Y115.5550
G1 F2100 E1.00000
G1 F2400 X101.8484 Y115.6802 E0.02403
G1 F2400 X102.2817 Y115.9530 E0.02395
G1 F2400 X102.5534 Y116.3874 E0.02397
G1 F2400 X102.6500 Y116.7742 E0.01865
G1 F2100 E-1.00000
G0 F7200 X102.7535 Y117.3500
G1 F2100 E1.00000
G1 F2400 X102.7857 Y117.5674 E0.01028
G1 F2400 X102.9268 Y118.1324 E0.02724
G1 F2400 X103.1985 Y118.5668 E0.02397
G1 F2400 X103.3306 Y118.6500 E0.00730
G1 F2100 E-1.00000
G0 F7200 X107.9139 Y117.3500
G1 F2100 E1.00000
G1 F2400 X107.9336 Y117.3623 E0.00109
G1 F2400 X108.2075 Y117.7945 E0.02393
G1 F2400 X108.3500 Y118.3582 E0.02719
G1 F2400 X108.3932 Y118.6500 E0.01380
G1 F2100 E-1.00000
G0 F7200 X110.6854 Y117.3500
G1 F2100 E1.00000
G1 F2400 X110.7022 Y117.4182 E0.00328
G1 F2400 X110.9718 Y117.8548 E0.02400
G1 F2400 X111.4029 Y118.1297 E0.02392
G1 F2400 X111.9659 Y118.2729 E0.02717
G1 F2400 X112.5808 Y118.3641 E0.02907
G1 F2400 X113.1479 Y118.5032 E0.02731
G1 F2400 X113.3872 Y118.6500 E0.01314
;LAYER_CHANGE
;Z:5.000
;HEIGHT:0.250
; LAYER:19
G1 F7200 Z5.0000
;TYPE:External perimeter
;WIDTH:0.4500
G1 F2100 E-1.00000
G0 F7200 X100.2250 Y100.2250
G1 F2100 E1.00000
G1 F2400 X100.2250 Y119.7750 E0.91439
G1 F2400 X119.7750 Y119.7750 E0.91439
G1 F2400 X119.7750 Y100.2250 E0.91439
G1 F2400 X100.2250 Y100.2250 E0.91439
G1 F2100 E-1.00000
G0 F7200 X116.2250 Y116.2250
G1 F2100 E1.00000
G1 F2400 X103.7750 Y116.2250 E0.58231
G1 F2400 X103.7750 Y103.7750 E0.58231
G1 F2400 X116.2250 Y103.7750 E0.58231
G1 F2400 X116.2250 Y116.2250 E0.58231
;TYPE:Perimeter
;WIDTH:0.4500
G1 F2100 E-1.00000
G0 F7200 X100.6750 Y100.6750
G1 F2100 E1.00000
G1 F2400 X100.6750 Y119.3250 E0.87230
G1 F2400 X119.3250 Y119.3250 E0.87230
G1 F2400 X119.3250 Y100.6750 E0.87230
G1 F2400 X100.6750 Y100.6750 E0.87230
G1 F2100 E-1.00000
G0 F7200 X116.6750 Y116.6750
G1 F2100 E1.00000
G1 F2400 X103.3250 Y116.6750 E0.62441
G1 F2400 X103.3250 Y103.3250 E0.62441
G1 F2400 X116.6750 Y103.3250 E0.62441
G1 F2400 X116.6750 Y116.6750 E0.62441
G1 F2100 E-1.00000
G0 F7200 X101.1250 Y101.1250
G1 F2100 E1.00000
G1 F2400 X101.1250 Y118.8750 E0.83020
G1 F2400 X118.8750 Y118.8750 E0.83020
G1 F2400 X118.8750 Y101.1250 E0.83020
G1 F2400 X101.1250 Y101.1250 E0.83020
G1 F2100 E-1.00000
G0 F7200 X117.1250 Y117.1250
G1 F2100 E1.00000
G1 F2400 X102.8750 Y117.1250 E0.66650
G1 F2400 X102.8750 Y102.8750 E0.66650
G1 F2400 X117.1250 Y102.8750 E0.66650
G1 F2400 X117.1250 Y117.1250 E0.66650
;TYPE:Internal infill
;WIDTH:0.4500
G1 F2100 E-1.00000
G0 F7200 X118.6500 Y117.2850
G1 F2100 E1.00000
G1 F2400 X118.4618 Y117.4027 E0.01038
G1 F2400 X117.8968 Y117.5437 E0.02724
G1 F2400 X117.2819 Y117.6349 E0.02908
G1 F2400 X116.7168 Y117.7760 E0.02724
G1 F2400 X116.2824 Y118.0477 E0.02397
G1 F2400 X116.0096 Y118.4811 E0.02395
G1 F2400 X115.9672 Y118.6500 E0.00815
G1 F2100 E-1.00000
G0 F7200 X113.6834 Y117.3500
G1 F2100 E1.00000
G1 F2400 X113.6553 Y117.5390 E0.00894
G1 F2400 X113.5149 Y118.1047 E0.02726
G1 F2400 X113.2443 Y118.5402 E0.02398
G1 F2400 X113.0711 Y118.6500 E0.00959
G1 F2100 E-1.00000
G0 F7200 X108.5001 Y117.3500
G1 F2100 E1.00000
G1 F2400 X108.2342 Y117.7669 E0.02313
G1 F2400 X108.0911 Y118.3299 E0.02717
G1 F2400 X108.0436 Y118.6500 E0.01514
G1 F2100 E-1.00000
G0 F7200 X105.7494 Y117.3500
G1 F2100 E1.00000
G1 F2400 X105.7395 Y117.3905 E0.00195
G1 F2400 X105.4710 Y117.8282 E0.02401
G1 F2400 X105.0410 Y118.1042 E0.02390
G1 F2400 X104.4787 Y118.2480 E0.02715
G1 F2400 X103.8638 Y118.3393 E0.02907
G1 F2400 X103.2961 Y118.4777 E0.02733
G1 F2400 X103.0133 Y118.6500 E0.01549
G1 F2100 E-1.00000
G0 F7200 X102.6500 Y116.0519
G1 F2100 E1.00000
G1 F2400 X102.3573 Y116.1267 E0.01413
G1 F2400 X101.7425 Y116.2180 E0.02907
G1 F2400 X101.3500 Y116.3137 E0.01889
G1 F2100 E-1.00000
G0 F7200 X101.3500 Y113.3872
G1 F2100 E1.00000
G1 F2400 X101.4968 Y113.1479 E0.01314
G1 F2400 X101.6359 Y112.5808 E0.02731
G1 F2400 X101.7271 Y111.9659 E0.02907
G1 F2400 X101.8703 Y111.4029 E0.02717
G1 F2400 X102.1452 Y110.9718 E0.02392
G1 F2400 X102.5818 Y110.7022 E0.02400
G1 F2400 X102.6500 Y110.6854 E0.00328
G1 F2100 E-1.00000
G0 F7200 X101.3500 Y108.3932
G1 F2100 E1.00000
G1 F2400 X101.6418 Y108.3500 E0.01380
G1 F2400 X102.2055 Y108.2075 E0.02719
G1 F2400 X102.6377 Y107.9336 E0.02393
G1 F2400 X102.6500 Y107.9139 E0.00109
G1 F2100 E-1.00000
G0 F7200 X101.3500 Y103.3306
G1 F2100 E1.00000
G1 F2400 X101.4332 Y103.1985 E0.00730
G1 F2400 X101.8676 Y102.9268 E0.02397
G1 F2400 X102.4326 Y102.7857 E0.02724
G1 F2400 X102.6500 Y102.7535 E0.01028
G1 F2100 E-1.00000
G0 F7200 X103.2258 Y102.6500
G1 F2100 E1.00000
G1 F2400 X103.6126 Y102.5534 E0.01865
G1 F2400 X104.0470 Y102.2817 E0.02397
G1 F2400 X104.3198 Y101.8484 E0.02395
G1 F2400 X104.4450 Y101.3500 E0.02403
G1 F2100 E-1.00000
G0 F7200 X106.7089 Y102.6500
G1 F2100 E1.00000
G1 F2400 X106.8145 Y102.2247 E0.02050
G1 F2400 X107.0851 Y101.7892 E0.02398
G1 F2400 X107.5174 Y101.5153 E0.02393
G1 F2400 X108.0810 Y101.3729 E0.02719
G1 F2400 X108.2353 Y101.3500 E0.00729
G1 F2100 E-1.00000
G0 F7200 X112.0395 Y102.6500
G1 F2100 E1.00000
G1 F2400 X112.0952 Y102.5626 E0.00485
G1 F2400 X112.2383 Y101.9996 E0.02717
G1 F2400 X112.3296 Y101.3847 E0.02907
G1 F2400 X112.3381 Y101.3500 E0.00167
G1 F2100 E-1.00000
G0 F7200 X114.7672 Y102.6500
G1 F2100 E1.00000
G1 F2400 X114.8584 Y102.5013 E0.00816
G1 F2400 X115.2885 Y102.2252 E0.02390
G1 F2400 X115.8508 Y102.0814 E0.02715
G1 F2400 X116.4657 Y101.9902 E0.02907
G1 F2400 X117.0334 Y101.8517 E0.02733
G1 F2400 X117.4721 Y101.5844 E0.02403
G1 F2400 X117.6236 Y101.3500 E0.01305
G1 F2100 E-1.00000
G0 F7200 X118.6500 Y104.0961
G1 F2100 E1.00000
G1 F2400 X118.5870 Y104.1115 E0.00303
G1 F2400 X117.9721 Y104.2027 E0.02907
G1 F2400 X117.4098 Y104.3465 E0.02715
G1 F2400 X117.3500 Y104.3849 E0.00332
G1 F2100 E-1.00000
G0 F7200 X118.6500 Y108.0420
G1 F2100 E1.00000
G1 F2400 X118.6023 Y108.3635 E0.01520
G1 F2400 X118.4592 Y108.9265 E0.02717
G1 F2400 X118.1842 Y109.3577 E0.02392
G1 F2400 X117.7476 Y109.6272 E0.02400
G1 F2400 X117.3500 Y109.7253 E0.01915
G1 F2100 E-1.00000
G0 F7200 X118.6500 Y111.9890
G1 F2100 E1.00000
G1 F2400 X118.1240 Y112.1219 E0.02538
G1 F2400 X117.6917 Y112.3958 E0.02393
G1 F2400 X117.4211 Y112.8313 E0.02398
G1 F2400 X117.3500 Y113.1178 E0.01381
;LAYER_CHANGE
;Z:5.250
;HEIGHT:0.250
; LAYER:20
G1 F7200 Z5.2500
;TYPE:External perimeter
;WIDTH:0.4500
G1 F2100 E-1.00000
G0 F7200 X100.2250 Y100.2250
G1 F2100 E1.00000
G1 F2400 X100.2250 Y119.7750 E0.91439
G1 F2400 X119.7750 Y119.7750 E0.91439
G1 F2400 X119.7750 Y100.2250 E0.91439
G1 F2400 X100.2250 Y100.2250 E0.91439
G1 F2100 E-1.00000
G0 F7200 X116.2250 Y116.2250
G1 F2100 E1.00000
G1 F2400 X103.7750 Y116.2250 E0.58231
G1 F2400 X103.7750 Y103.7750 E0.58231
G1 F2400 X116.2250 Y103.7750 E0.58231
G1 F2400 X116.2250 Y116.2250 E0.58231
;TYPE:Perimeter
;WIDTH:0.4500
G1 F2100 E-1.00000
G0 F7200 X100.6750 Y100.6750
G1 F2100 E1.00000
G1 F2400 X100.6750 Y119.3250 E0.87230
G1 F2400 X119.3250 Y119.3250 E0.87230
G1 F2400 X119.3250 Y100.6750 E0.87230
G1 F2400 X100.6750 Y100.6750 E0.87230
G1 F2100 E-1.00000
G0 F7200 X116.6750 Y116.6750
G1 F2100 E1.00000
G1 F2400 X103.3250 Y116.6750 E0.62441
G1 F2400 X103.3250 Y103.3250 E0.62441
G1 F2400 X116.6750 Y103.3250 E0.62441
G1 F2400 X116.6750 Y116.6750 E0.62441
G1 F2100 E-1.00000
G0 F7200 X101.1250 Y101.1250
G1 F2100 E1.00000
G1 F2400 X101.1250 Y118.8750 E0.83020
G1 F2400 X118.8750 Y118.8750 E0.83020
G1 F2400 X118.8750 Y101.1250 E0.83020
G1 F2400 X101.1250 Y101.1250 E0.83020
G1 F2100 E-1.00000
G0 F7200 X117.1250 Y117.1250
G1 F2100 E1.00000
G1 F2400 X102.8750 Y117.1250 E0.66650
G1 F2400 X102.8750 Y102.8750 E0.66650
G1 F2400 X117.1250 Y102.8750 E0.66650
G1 F2400 X117.1250 Y117.1250 E0.66650
;TYPE:Internal infill
;WIDTH:0.4500
G1 F2100 E-1.00000
G0 F7200 X116.0519 Y117.3500
G1 F2100 E1.00000
G1 F2400 X116.1267 Y117.6427 E0.01413
G1 F2400 X116.2180 Y118.2575 E0.02907
G1 F2400 X116.3137 Y118.6500 E0.01889
G1 F2100 E-1.00000
G0 F7200 X118.6500 Y116.9867
G1 F2100 E1.00000
G1 F2400 X118.4777 Y116.7039 E0.01549
G1 F2400 X118.3393 Y116.1362 E0.02733
G1 F2400 X118.2480 Y115.5213 E0.02907
G1 F2400 X118.1042 Y114.9590 E0.02715
G1 F2400 X117.8282 Y114.5290 E0.02390
G1 F2400 X117.3905 Y114.2605 E0.02401
G1 F2400 X117.3500 Y114.2506 E0.00195
G1 F2100 E-1.00000
G0 F7200 X118.6500 Y111.9564
G1 F2100 E1.00000
G1 F2400 X118.3299 Y111.9089 E0.01514
G1 F2400 X117.7669 Y111.7658 E0.02717
G1 F2400 X117.3500 Y111.4999 E0.02313
G1 F2100 E-1.00000
G0 F7200 X118.6500 Y106.9289
G1 F2100 E1.00000
G1 F2400 X118.5402 Y106.7557 E0.00959
G1 F2400 X118.1047 Y106.4851 E0.02398
G1 F2400 X117.5390 Y106.3447 E0.02726
G1 F2400 X117.3500 Y106.3166 E0.00894
G1 F2100 E-1.00000
G0 F7200 X118.6500 Y104.0328
G1 F2100 E1.00000
G1 F2400 X118.4811 Y103.9904 E0.00815
G1 F2400 X118.0477 Y103.7176 E0.02395
G1 F2400 X117.7760 Y103.2832 E0.02397
G1 F2400 X117.6349 Y102.7181 E0.02724
G1 F2400 X117.5437 Y102.1032 E0.02908
G1 F2400 X117.4027 Y101.5382 E0.02724
G1 F2400 X117.2850 Y101.3500 E0.01038
G1 F2100 E-1.00000
G0 F7200 X113.1178 Y102.6500
G1 F2100 E1.00000
G1 F2400 X112.8313 Y102.5789 E0.01381
G1 F2400 X112.3958 Y102.3083 E0.02398
G1 F2400 X112.1219 Y101.8760 E0.02393
G1 F2400 X111.9890 Y101.3500 E0.02538
G1 F2100 E-1.00000
G0 F7200 X109.7253 Y102.6500
G1 F2100 E1.00000
G1 F2400 X109.6272 Y102.2524 E0.01915
G1 F2400 X109.3577 Y101.8158 E0.02400
G1 F2400 X108.9265 Y101.5408 E0.02392
G1 F2400 X108.3635 Y101.3977 E0.02717
G1 F2400 X108.0420 Y101.3500 E0.01520
G1 F2100 E-1.00000
G0 F7200 X104.3849 Y102.6500
G1 F2100 E1.00000
G1 F2400 X104.3465 Y102.5902 E0.00332
G1 F2400 X104.2027 Y102.0279 E0.02715
G1 F2400 X104.1115 Y101.4130 E0.02907
G1 F2400 X104.0961 Y101.3500 E0.00303
G1 F2100 E-1.00000
G0 F7200 X101.3500 Y102.3764
G1 F2100 E1.00000
G1 F2400 X101.5844 Y102.5279 E0.01305
G1 F2400 X101.8517 Y102.9666 E0.02403
G1 F2400 X101.9902 Y103.5343 E0.02733
G1 F2400 X102.0814 Y104.1492 E0.02907
G1 F2400 X102.2252 Y104.7115 E0.02715
G1 F2400 X102.5013 Y105.1416 E0.02390
G1 F2400 X102.6500 Y105.2328 E0.00816
G1 F2100 E-1.00000
G0 F7200 X102.6500 Y107.9605
G1 F2100 E1.00000
G1 F2400 X102.5626 Y107.9048 E0.00485
G1 F2400 X101.9996 Y107.7617 E0.02717
G1 F2400 X101.3847 Y107.6704 E0.02907
G1 F2400 X101.3500 Y107.6619 E0.00167
G1 F2100 E-1.00000
G0 F7200 X101.3500 Y111.7647
G1 F2100 E1.00000
G1 F2400 X101.3729 Y111.9190 E0.00729
G1 F2400 X101.5153 Y112.4826 E0.02719
G1 F2400 X101.7892 Y112.9149 E0.02393
G1 F2400 X102.2247 Y113.1855 E0.02398
G1 F2400 X102.6500 Y113.2911 E0.02050
G1 F2100 E-1.00000
G0 F7200 X101.3500 Y115.5550
G1 F2100 E1.00000
G1 F2400 X101.8484 Y115.6802 E0.02403
G1 F2400 X102.2817 Y115.9530 E0.02395
G1 F2400 X102.5534 Y116.3874 E0.02397
G1 F2400 X102.6500 Y116.7742 E0.01865
G1 F2100 E-1.00000
G0 F7200 X102.7535 Y117.3500
G1 F2100 E1.00000
G1 F2400 X102.7857 Y117.5674 E0.01028
G1 F2400 X102.9268 Y118.1324 E0.02724
G1 F2400 X103.1985 Y118.5668 E0.02397
G1 F2400 X103.3306 Y118.6500 E0.00730
G1 F2100 E-1.00000
G0 F7200 X107.9139 Y117.3500
G1 F2100 E1.00000
G1 F2400 X107.9336 Y117.3623 E0.00109
G1 F2400 X108.2075 Y117.7945 E0.02393
G1 F2400 X108.3500 Y118.3582 E0.02719
G1 F2400 X108.3932 Y118.6500 E0.01380
G1 F2100 E-1.00000
G0 F7200 X110.6854 Y117.3500
G1 F2100 E1.00000
G1 F2400 X110.7022 Y117.4182 E0.00328
G1 F2400 X110.9718 Y117.8548 E0.02400
G1 F2400 X111.4029 Y118.1297 E0.02392
G1 F2400 X111.9659 Y118.2729 E0.02717
G1 F2400 X112.5808 Y118.3641 E0.02907
G1 F2400 X113.1479 Y118.5032 E0.02731
G1 F2400 X113.3872 Y118.6500 E0.01314
;LAYER_CHANGE
;Z:5.500
;HEIGHT:0.250
; LAYER:21
G1 F7200 Z5.5000
;TYPE:External perimeter
;WIDTH:0.4500
G1 F2100 E-1.00000
G0 F7200 X100.2250 Y100.2250
G1 F2100 E1.00000
G1 F2400 X100.2250 Y119.7750 E0.91439
G1 F2400 X119.7750 Y119.7750 E0.91439
G1 F2400 X119.7750 Y100.2250 E0.91439
G1 F2400 X100.2250 Y100.2250 E0.91439
G1 F2100 E-1.00000
G0 F7200 X116.2250 Y116.2250
G1 F2100 E1.00000
G1 F2400 X103.7750 Y116.2250 E0.58231
G1 F2400 X103.7750 Y103.7750 E0.58231
G1 F2400 X116.2250 Y103.7750 E0.58231
G1 F2400 X116.2250 Y116.2250 E0.58231
;TYPE:Perimeter
;WIDTH:0.4500
G1 F2100 E-1.00000
G0 F7200 X100.6750 Y100.6750
G1 F2100 E1.00000
G1 F2400 X100.6750 Y119.3250 E0.87230
G1 F2400 X119.3250 Y119.3250 E0.87230
G1 F2400 X119.3250 Y100.6750 E0.87230
G1 F2400 X100.6750 Y100.6750 E0.87230
G1 F2100 E-1.00000
G0 F7200 X116.6750 Y116.6750
G1 F2100 E1.00000
G1 F2400 X103.3250 Y116.6750 E0.62441
G1 F2400 X103.3250 Y103.3250 E0.62441
G1 F2400 X116.6750 Y103.3250 E0.62441
G1 F2400 X116.6750 Y116.6750 E0.62441
G1 F2100 E-1.00000
G0 F7200 X101.1250 Y101.1250
G1 F2100 E1.00000
G1 F2400 X101.1250 Y118.8750 E0.83020
G1 F2400 X118.8750 Y118.8750 E0.83020
G1 F2400 X118.8750 Y101.1250 E0.83020
G1 F2400 X101.1250 Y101.1250 E0.83020
G1 F2100 E-1.00000
G0 F7200 X117.1250 Y117.1250
G1 F2100 E1.00000
G1 F2400 X102.8750 Y117.1250 E0.66650
G1 F2400 X102.8750 Y102.8750 E0.66650
G1 F2400 X117.1250 Y102.8750 E0.66650
G1 F2400 X117.1250 Y117.1250 E0.66650
;TYPE:Internal infill
;WIDTH:0.4500
G1 F2100 E-1.00000
G0 F7200 X118.6500 Y117.2850
G1 F2100 E1.00000
G1 F2400 X118.4618 Y117.4027 E0.01038
G1 F2400 X117.8968 Y117.5437 E0.02724
G1 F2400 X117.2819 Y117.6349 E0.02908
G1 F2400 X116.7168 Y117.7760 E0.02724
G1 F2400 X116.2824 Y118.0477 E0.02397
G1 F2400 X116.0096 Y118.4811 E0.02395
G1 F2400 X115.9672 Y118.6500 E0.00815
G1 F2100 E-1.00000
G0 F7200 X113.6834 Y117.3500
G1 F2100 E1.00000
G1 F2400 X113.6553 Y117.5390 E0.00894
G1 F2400 X113.5149 Y118.1047 E0.02726
G1 F2400 X113.2443 Y118.5402 E0.02398
G1 F2400 X113.0711 Y118.6500 E0.00959
G1 F2100 E-1.00000
G0 F7200 X108.5001 Y117.3500
G1 F2100 E1.00000
G1 F2400 X108.2342 Y117.7669 E0.02313
G1 F2400 X108.0911 Y118.3299 E0.02717
G1 F2400 X108.0436 Y118.6500 E0.01514
G1 F2100 E-1.00000
G0 F7200 X105.7494 Y117.3500
G1 F2100 E1.00000
G1 F2400 X105.7395 Y117.3905 E0.00195
G1 F2400 X105.4710 Y117.8282 E0.02401
G1 F2400 X105.0410 Y118.1042 E0.02390
G1 F2400 X104.4787 Y118.2480 E0.02715
G1 F2400 X103.8638 Y118.3393 E0.02907
G1 F2400 X103.2961 Y118.4777 E0.02733
G1 F2400 X103.0133 Y118.6500 E0.01549
G1 F2100 E-1.00000
G0 F7200 X102.6500 Y116.0519
G1 F2100 E1.00000
G1 F2400 X102.3573 Y116.1267 E0.01413
G1 F2400 X101.7425 Y116.2180 E0.02907
G1 F2400 X101.3500 Y116.3137 E0.01889
G1 F2100 E-1.00000
G0 F7200 X101.3500 Y113.3872
G1 F2100 E1.00000
G1 F2400 X101.4968 Y113.1479 E0.01314
G1 F2400 X101.6359 Y112.5808 E0.02731
G1 F2400 X101.7271 Y111.9659 E0.02907
G1 F2400 X101.8703 Y111.4029 E0.02717
G1 F2400 X102.1452 Y110.9718 E0.02392
G1 F2400 X102.5818 Y110.7022 E0.02400
G1 F2400 X102.6500 Y110.6854 E0.00328
G1 F2100 E-1.00000
G0 F7200 X101.3500 Y108.3932
G1 F2100 E1.00000
G1 F2400 X101.6418 Y108.3500 E0.01380
G1 F2400 X102.2055 Y108.2075 E0.02719
G1 F2400 X102.6377 Y107.9336 E0.02393
G1 F2400 X102.6500 Y107.9139 E0.00109
G1 F2100 E-1.00000
G0 F7200 X101.3500 Y103.3306
G1 F2100 E1.00000
G1 F2400 X101.4332 Y103.1985 E0.00730
G1 F2400 X101.8676 Y102.9268 E0.02397
G1 F2400 X102.4326 Y102.7857 E0.02724
G1 F2400 X102.6500 Y102.7535 E0.01028
G1 F2100 E-1.00000
G0 F7200 X103.2258 Y102.6500
G1 F2100 E1.00000
G1 F2400 X103.6126 Y102.5534 E0.01865
G1 F2400 X104.0470 Y102.2817 E0.02397
G1 F2400 X104.3198 Y101.8484 E0.02395
G1 F2400 X104.4450 Y101.3500 E0.02403
G1 F2100 E-1.00000
G0 F7200 X106.7089 Y102.6500
G1 F2100 E1.00000
G1 F2400 X106.8145 Y102.2247 E0.02050
G1 F2400 X107.0851 Y101.7892 E0.02398
G1 F2400 X107.5174 Y101.5153 E0.02393
G1 F2400 X108.0810 Y101.3729 E0.02719
G1 F2400 X108.2353 Y101.3500 E0.00729
G1 F2100 E-1.00000
G0 F7200 X112.0395 Y102.6500
G1 F2100 E1.00000
G1 F2400 X112.0952 Y102.5626 E0.00485
G1 F2400 X112.2383 Y101.9996 E0.02717
G1 F2400 X112.3296 Y101.3847 E0.02907
G1 F2400 X112.3381 Y101.3500 E0.00167
G1 F2100 E-1.00000
G0 F7200 X114.7672 Y102.6500
G1 F2100 E1.00000
G1 F2400 X114.8584 Y102.5013 E0.00816
G1 F2400 X115.2885 Y102.2252 E0.02390
G1 F2400 X115.8508 Y102.0814 E0.02715
G1 F2400 X116.4657 Y101.9902 E0.02907
G1 F2400 X117.0334 Y101.8517 E0.02733
G1 F2400 X117.4721 Y101.5844 E0.02403
G1 F2400 X117.6236 Y101.3500 E0.01305
G1 F2100 E-1.00000
G0 F7200 X118.6500 Y104.0961
G1 F2100 E1.00000
G1 F2400 X118.5870 Y104.1115 E0.00303
G1 F2400 X117.9721 Y104.2027 E0.02907
G1 F2400 X117.4098 Y104.3465 E0.02715
G1 F2400 X117.3500 Y104.3849 E0.00332
G1 F2100 E-1.00000
G0 F7200 X118.6500 Y108.0420
G1 F2100 E1.00000
G1 F2400 X118.6023 Y108.3635 E0.01520
G1 F2400 X118.4592 Y108.9265 E0.02717
G1 F2400 X118.1842 Y109.3577 E0.02392
G1 F2400 X117.7476 Y109.6272 E0.02400
G1 F2400 X117.3500 Y109.7253 E0.01915
G1 F2100 E-1.00000
G0 F7200 X118.6500 Y111.9890
G1 F2100 E1.00000
G1 F2400 X118.1240 Y112.1219 E0.02538
G1 F2400 X117.6917 Y112.3958 E0.02393
G1 F2400 X117.4211 Y112.8313 E0.02398
G1 F2400 X117.3500 Y113.1178 E0.01381
;LAYER_CHANGE
;Z:5.750
;HEIGHT:0.250
; LAYER:22
G1 F7200 Z5.7500
;TYPE:External perimeter
;WIDTH:0.4500
G1 F2100 E-1.00000
G0 F7200 X100.2250 Y100.2250
G1 F2100 E1.00000
G1 F2400 X100.2250 Y119.7750 E0.91439
G1 F2400 X119.7750 Y119.7750 E0.91439
G1 F2400 X119.7750 Y100.2250 E0.91439
G1 F2400 X100.2250 Y100.2250 E0.91439
G1 F2100 E-1.00000
G0 F7200 X116.2250 Y116.2250
G1 F2100 E1.00000
G1 F2400 X103.7750 Y116.2250 E0.58231
G1 F2400 X103.7750 Y103.7750 E0.58231
G1 F2400 X116.2250 Y103.7750 E0.58231
G1 F2400 X116.2250 Y116.2250 E0.58231
;TYPE:Perimeter
;WIDTH:0.4500
G1 F2100 E-1.00000
G0 F7200 X100.6750 Y100.6750
G1 F2100 E1.00000
G1 F2400 X100.6750 Y119.3250 E0.87230
G1 F2400 X119.3250 Y119.3250 E0.87230
G1 F2400 X119.3250 Y100.6750 E0.87230
G1 F2400 X100.6750 Y100.6750 E0.87230
G1 F2100 E-1.00000
G0 F7200 X116.6750 Y116.6750
G1 F2100 E1.00000
G1 F2400 X103.3250 Y116.6750 E0.62441
G1 F2400 X103.3250 Y103.3250 E0.62441
G1 F2400 X116.6750 Y103.3250 E0.62441
G1 F2400 X116.6750 Y116.6750 E0.62441
G1 F2100 E-1.00000
G0 F7200 X101.1250 Y101.1250
G1 F2100 E1.00000
G1 F2400 X101.1250 Y118.8750 E0.83020
G1 F2400 X118.8750 Y118.8750 E0.83020
G1 F2400 X118.8750 Y101.1250 E0.83020
G1 F2400 X101.1250 Y101.1250 E0.83020
G1 F2100 E-1.00000
G0 F7200 X117.1250 Y117.1250
G1 F2100 E1.00000
G1 F2400 X102.8750 Y117.1250 E0.66650
G1 F2400 X102.8750 Y102.8750 E0.66650
G1 F2400 X117.1250 Y102.8750 E0.66650
G1 F2400 X117.1250 Y117.1250 E0.66650
;TYPE:Internal infill
;WIDTH:0.4500
G1 F2100 E-1.00000
G0 F7200 X116.0519 Y117.3500
G1 F2100 E1.00000
G1 F2400 X116.1267 Y117.6427 E0.01413
G1 F2400 X116.2180 Y118.2575 E0.02907
G1 F2400 X116.3137 Y118.6500 E0.01889
G1 F2100 E-1.00000
G0 F7200 X118.6500 Y116.9867
G1 F2100 E1.00000
G1 F2400 X118.4777 Y116.7039 E0.01549
G1 F2400 X118.3393 Y116.1362 E0.02733
G1 F2400 X118.2480 Y115.5213 E0.02907
G1 F2400 X118.1042 Y114.9590 E0.02715
G1 F2400 X117.8282 Y114.5290 E0.02390
G1 F2400 X117.3905 Y114.2605 E0.02401
G1 F2400 X117.3500 Y114.2506 E0.00195
G1 F2100 E-1.00000
G0 F7200 X118.6500 Y111.9564
G1 F2100 E1.00000
G1 F2400 X118.3299 Y111.9089 E0.01514
G1 F2400 X117.7669 Y111.7658 E0.02717
G1 F2400 X117.3500 Y111.4999 E0.02313
G1 F2100 E-1.00000
G0 F7200 X118.6500 Y106.9289
G1 F2100 E1.00000
G1 F2400 X118.5402 Y106.7557 E0.00959
G1 F2400 X118.1047 Y106.4851 E0.02398
G1 F2400 X117.5390 Y106.3447 E0.02726
G1 F2400 X117.3500 Y106.3166 E0.00894
G1 F2100 E-1.00000
G0 F7200 X118.6500 Y104.0328
G1 F2100 E1.00000
G1 F2400 X118.4811 Y103.9904 E0.00815
G1 F2400 X118.0477 Y103.7176 E0.02395
G1 F2400 X117.7760 Y103.2832 E0.02397
G1 F2400 X117.6349 Y102.7181 E0.02724
G1 F2400 X117.5437 Y102.1032 E0.02908
G1 F2400 X117.4027 Y101.5382 E0.02724
G1 F2400 X117.2850 Y101.3500 E0.01038
G1 F2100 E-1.00000
G0 F7200 X113.1178 Y102.6500
G1 F2100 E1.00000
G1 F2400 X112.8313 Y102.5789 E0.01381
G1 F2400 X112.3958 Y102.3083 E0.02398
G1 F2400 X112.1219 Y101.8760 E0.02393
G1 F2400 X111.9890 Y101.3500 E0.02538
G1 F2100 E-1.00000
G0 F7200 X109.7253 Y102.6500
G1 F2100 E1.00000
G1 F2400 X109.6272 Y102.2524 E0.01915
G1 F2400 X109.3577 Y101.8158 E0.02400
G1 F2400 X108.9265 Y101.5408 E0.02392
G1 F2400 X108.3635 Y101.3977 E0.02717
G1 F2400 X108.0420 Y101.3500 E0.01520
G1 F2100 E-1.00000
G0 F7200 X104.3849 Y102.6500
G1 F2100 E1.00000
G1 F2400 X104.3465 Y102.5902 E0.00332
G1 F2400 X104.2027 Y102.0279 E0.02715
G1 F2400 X104.1115 Y101.4130 E0.02907
G1 F2400 X104.0961 Y101.3500 E0.00303
G1 F2100 E-1.00000
G0 F7200 X101.3500 Y102.3764
G1 F2100 E1.00000
G1 F2400 X101.5844 Y102.5279 E0.01305
G1 F2400 X101.8517 Y102.9666 E0.02403
G1 F2400 X101.9902 Y103.5343 E0.02733
G1 F2400 X102.0814 Y104.1492 E0.02907
G1 F2400 X102.2252 Y104.7115 E0.02715
G1 F2400 X102.5013 Y105.1416 E0.02390
G1 F2400 X102.6500 Y105.2328 E0.00816
G1 F2100 E-1.00000
G0 F7200 X102.6500 Y107.9605
G1 F2100 E1.00000
G1 F2400 X102.5626 Y107.9048 E0.00485
G1 F2400 X101.9996 Y107.7617 E0.02717
G1 F2400 X101.3847 Y107.6704 E0.02907
G1 F2400 X101.3500 Y107.6619 E0.00167
G1 F2100 E-1.00000
G0 F7200 X101.3500 Y111.7647
G1 F2100 E1.00000
G1 F2400 X101.3729 Y111.9190 E0.00729
G1 F2400 X101.5153 Y112.4826 E0.02719
G1 F2400 X101.7892 Y112.9149 E0.02393
G1 F2400 X102.2247 Y113.1855 E0.02398
G1 F2400 X102.6500 Y113.2911 E0.02050
G1 F2100 E-1.00000
G0 F7200 X101.3500 Y115.5550
G1 F2100 E1.00000
G1 F2400 X101.8484 Y115.6802 E0.02403
G1 F2400 X102.2817 Y115.9530 E0.02395
G1 F2400 X102.5534 Y116.3874 E0.02397
G1 F2400 X102.6500 Y116.7742 E0.01865
G1 F2100 E-1.00000
G0 F7200 X102.7535 Y117.3500
G1 F2100 E1.00000
G1 F2400 X102.7857 Y117.5674 E0.01028
G1 F2400 X102.9268 Y118.1324 E0.02724
G1 F2400 X103.1985 Y118.5668 E0.02397
G1 F2400 X103.3306 Y118.6500 E0.00730
G1 F2100 E-1.00000
G0 F7200 X107.9139 Y117.3500
G1 F2100 E1.00000
G1 F2400 X107.9336 Y117.3623 E0.00109
G1 F2400 X108.2075 Y117.7945 E0.02393
G1 F2400 X108.3500 Y118.3582 E0.02719
G1 F2400 X108.3932 Y118.6500 E0.01380
G1 F2100 E-1.00000
G0 F7200 X110.6854 Y117.3500
G1 F2100 E1.00000
G1 F2400 X110.7022 Y117.4182 E0.00328
G1 F2400 X110.9718 Y117.8548 E0.02400
G1 F2400 X111.4029 Y118.1297 E0.02392
G1 F2400 X111.9659 Y118.2729 E0.02717
G1 F2400 X112.5808 Y118.3641 E0.02907
G1 F2400 X113.1479 Y118.5032 E0.02731
G1 F2400 X113.3872 Y118.6500 E0.01314
;LAYER_CHANGE
;Z:6.000
;HEIGHT:0.250
; LAYER:23
G1 F7200 Z6.0000
;TYPE:External perimeter
;WIDTH:0.4500
G1 F2100 E-1.00000
G0 F7200 X100.2250 Y100.2250
G1 F2100 E1.00000
G1 F2400 X100.2250 Y119.7750 E0.91439
G1 F2400 X119.7750 Y119.7750 E0.91439
G1 F2400 X119.7750 Y100.2250 E0.91439
G1 F2400 X100.2250 Y100.2250 E0.91439
G1 F2100 E-1.00000
G0 F7200 X116.2250 Y116.2250
G1 F2100 E1.00000
G1 F2400 X103.7750 Y116.2250 E0.58231
G1 F2400 X103.7750 Y103.7750 E0.58231
G1 F2400 X116.2250 Y103.7750 E0.58231
G1 F2400 X116.2250 Y116.2250 E0.58231
;TYPE:Perimeter
;WIDTH:0.4500
G1 F2100 E-1.00000
G0 F7200 X100.6750 Y100.6750
G1 F2100 E1.00000
G1 F2400 X100.6750 Y119.3250 E0.87230
G1 F2400 X119.3250 Y119.3250 E0.87230
G1 F2400 X119.3250 Y100.6750 E0.87230
G1 F2400 X100.6750 Y100.6750 E0.87230
G1 F2100 E-1.00000
G0 F7200 X116.6750 Y116.6750
G1 F2100 E1.00000
G1 F2400 X103.3250 Y116.6750 E0.62441
G1 F2400 X103.3250 Y103.3250 E0.62441
G1 F2400 X116.6750 Y103.3250 E0.62441
G1 F2400 X116.6750 Y116.6750 E0.62441
G1 F2100 E-1.00000
G0 F7200 X101.1250 Y101.1250
G1 F2100 E1.00000
G1 F2400 X101.1250 Y118.8750 E0.83020
G1 F2400 X118.8750 Y118.8750 E0.83020
G1 F2400 X118.8750 Y101.1250 E0.83020
G1 F2400 X101.1250 Y101.1250 E0.83020
G1 F2100 E-1.00000
G0 F7200 X117.1250 Y117.1250
G1 F2100 E1.00000
G1 F2400 X102.8750 Y117.1250 E0.66650
G1 F2400 X102.8750 Y102.8750 E0.66650
G1 F2400 X117.1250 Y102.8750 E0.66650
G1 F2400 X117.1250 Y117.1250 E0.66650
;TYPE:Internal infill
;WIDTH:0.4500
G1 F2100 E-1.00000
G0 F7200 X118.6500 Y117.2850
G1 F2100 E1.00000
G1 F2400 X118.4618 Y117.4027 E0.01038
G1 F2400 X117.8968 Y117.5437 E0.02724
G1 F2400 X117.2819 Y117.6349 E0.02908
G1 F2400 X116.7168 Y117.7760 E0.02724
G1 F2400 X116.2824 Y118.0477 E0.02397
G1 F2400 X116.0096 Y118.4811 E0.02395
G1 F2400 X115.9672 Y118.6500 E0.00815
G1 F2100 E-1.00000
G0 F7200 X113.6834 Y117.3500
G1 F2100 E1.00000
G1 F2400 X113.6553 Y117.5390 E0.00894
G1 F2400 X113.5149 Y118.1047 E0.02726
G1 F2400 X113.2443 Y118.5402 E0.02398
G1 F2400 X113.0711 Y118.6500 E0.00959
G1 F2100 E-1.00000
G0 F7200 X108.5001 Y117.3500
G1 F2100 E1.00000
G1 F2400 X108.2342 Y117.7669 E0.02313
G1 F2400 X108.0911 Y118.3299 E0.02717
G1 F2400 X108.0436 Y118.6500 E0.01514
G1 F2100 E-1.00000
G0 F7200 X105.7494 Y117.3500
G1 F2100 E1.00000
G1 F2400 X105.7395 Y117.3905 E0.00195
G1 F2400 X105.4710 Y117.8282 E0.02401
G1 F2400 X105.0410 Y118.1042 E0.02390
G1 F2400 X104.4787 Y118.2480 E0.02715
G1 F2400 X103.8638 Y118.3393 E0.02907
G1 F2400 X103.2961 Y118.4777 E0.02733
G1 F2400 X103.0133 Y118.6500 E0.01549
G1 F2100 E-1.00000
G0 F7200 X102.6500 Y116.0519
G1 F2100 E1.00000
G1 F2400 X102.3573 Y116.1267 E0.01413
G1 F2400 X101.7425 Y116.2180 E0.02907
G1 F2400 X101.3500 Y116.3137 E0.01889
G1 F2100 E-1.00000
G0 F7200 X101.3500 Y113.3872
G1 F2100 E1.00000
G1 F2400 X101.4968 Y113.1479 E0.01314
G1 F2400 X101.6359 Y112.5808 E0.02731
G1 F2400 X101.7271 Y111.9659 E0.02907
G1 F2400 X101.8703 Y111.4029 E0.02717
G1 F2400 X102.1452 Y110.9718 E0.02392
G1 F2400 X102.5818 Y110.7022 E0.02400
G1 F2400 X102.6500 Y110.6854 E0.00328
G1 F2100 E-1.00000
G0 F7200 X101.3500 Y108.3932
G1 F2100 E1.00000
G1 F2400 X101.6418 Y108.3500 E0.01380
G1 F2400 X102.2055 Y108.2075 E0.02719
G1 F2400 X102.6377 Y107.9336 E0.02393
G1 F2400 X102.6500 Y107.9139 E0.00109
G1 F2100 E-1.00000
G0 F7200 X101.3500 Y103.3306
G1 F2100 E1.00000
G1 F2400 X101.4332 Y103.1985 E0.00730
G1 F2400 X101.8676 Y102.9268 E0.02397
G1 F2400 X102.4326 Y102.7857 E0.02724
G1 F2400 X102.6500 Y102.7535 E0.01028
G1 F2100 E-1.00000
G0 F7200 X103.2258 Y102.6500
G1 F2100 E1.00000
G1 F2400 X103.6126 Y102.5534 E0.01865
G1 F2400 X104.0470 Y102.2817 E0.02397
G1 F2400 X104.3198 Y101.8484 E0.02395
G1 F2400 X104.4450 Y101.3500 E0.02403
G1 F2100 E-1.00000
G0 F7200 X106.7089 Y102.6500
G1 F2100 E1.00000
G1 F2400 X106.8145 Y102.2247 E0.02050
G1 F2400 X107.0851 Y101.7892 E0.02398
G1 F2400 X107.5174 Y101.5153 E0.02393
G1 F2400 X108.0810 Y101.3729 E0.02719
G1 F2400 X108.2353 Y101.3500 E0.00729
G1 F2100 E-1.00000
G0 F7200 X112.0395 Y102.6500
G1 F2100 E1.00000
G1 F2400 X112.0952 Y102.5626 E0.00485
G1 F2400 X112.2383 Y101.9996 E0.02717
G1 F2400 X112.3296 Y101.3847 E0.02907
G1 F2400 X112.3381 Y101.3500 E0.00167
G1 F2100 E-1.00000
G0 F7200 X114.7672 Y102.6500
G1 F2100 E1.00000
G1 F2400 X114.8584 Y102.5013 E0.00816
G1 F2400 X115.2885 Y102.2252 E0.02390
G1 F2400 X115.8508 Y102.0814 E0.02715
G1 F2400 X116.4657 Y101.9902 E0.02907
G1 F2400 X117.0334 Y101.8517 E0.02733
G1 F2400 X117.4721 Y101.5844 E0.02403
G1 F2400 X117.6236 Y101.3500 E0.01305
G1 F2100 E-1.00000
G0 F7200 X118.6500 Y104.0961
G1 F2100 E1.00000
G1 F2400 X118.5870 Y104.1115 E0.00303
G1 F2400 X117.9721 Y104.2027 E0.02907
G1 F2400 X117.4098 Y104.3465 E0.02715
G1 F2400 X117.3500 Y104.3849 E0.00332
G1 F2100 E-1.00000
G0 F7200 X118.6500 Y108.0420
G1 F2100 E1.00000
G1 F2400 X118.6023 Y108.3635 E0.01520
G1 F2400 X118.4592 Y108.9265 E0.02717
G1 F2400 X118.1842 Y109.3577 E0.02392
G1 F2400 X117.7476 Y109.6272 E0.02400
G1 F2400 X117.3500 Y109.7253 E0.01915
G1 F2100 E-1.00000
G0 F7200 X118.6500 Y111.9890
G1 F2100 E1.00000
G1 F2400 X118.1240 Y112.1219 E0.02538
G1 F2400 X117.6917 Y112.3958 E0.02393
G1 F2400 X117.4211 Y112.8313 E0.02398
G1 F2400 X117.3500 Y113.1178 E0.01381
;LAYER_CHANGE
;Z:6.250
;HEIGHT:0.250
; LAYER:24
G1 F7200 Z6.2500
;TYPE:External perimeter
;WIDTH:0.4500
G1 F2100 E-1.00000
G0 F7200 X100.2250 Y100.2250
G1 F2100 E1.00000
G1 F2400 X100.2250 Y119.7750 E0.91439
G1 F2400 X119.7750 Y119.7750 E0.91439
G1 F2400 X119.7750 Y100.2250 E0.91439
G1 F2400 X100.2250 Y100.2250 E0.91439
G1 F2100 E-1.00000
G0 F7200 X116.2250 Y116.2250
G1 F2100 E1.00000
G1 F2400 X103.7750 Y116.2250 E0.58231
G1 F2400 X103.7750 Y103.7750 E0.58231
G1 F2400 X116.2250 Y103.7750 E0.58231
G1 F2400 X116.2250 Y116.2250 E0.58231
;TYPE:Perimeter
;WIDTH:0.4500
G1 F2100 E-1.00000
G0 F7200 X100.6750 Y100.6750
G1 F2100 E1.00000
G1 F2400 X100.6750 Y119.3250 E0.87230
G1 F2400 X119.3250 Y119.3250 E0.87230
G1 F2400 X119.3250 Y100.6750 E0.87230
G1 F2400 X100.6750 Y100.6750 E0.87230
G1 F2100 E-1.00000
G0 F7200 X116.6750 Y116.6750
G1 F2100 E1.00000
G1 F2400 X103.3250 Y116.6750 E0.62441
G1 F2400 X103.3250 Y103.3250 E0.62441
G1 F2400 X116.6750 Y103.3250 E0.62441
G1 F2400 X116.6750 Y116.6750 E0.62441
G1 F2100 E-1.00000
G0 F7200 X101.1250 Y101.1250
G1 F2100 E1.00000
G1 F2400 X101.1250 Y118.8750 E0.83020
G1 F2400 X118.8750 Y118.8750 E0.83020
G1 F2400 X118.8750 Y101.1250 E0.83020
G1 F2400 X101.1250 Y101.1250 E0.83020
G1 F2100 E-1.00000
G0 F7200 X117.1250 Y117.1250
G1 F2100 E1.00000
G1 F2400 X102.8750 Y117.1250 E0.66650
G1 F2400 X102.8750 Y102.8750 E0.66650
G1 F2400 X117.1250 Y102.8750 E0.66650
G1 F2400 X117.1250 Y117.1250 E0.66650
;TYPE:Internal infill
;WIDTH:0.4500
G1 F2100 E-1.00000
G0 F7200 X116.0519 Y117.3500
G1 F2100 E1.00000
G1 F2400 X116.1267 Y117.6427 E0.01413
G1 F2400 X116.2180 Y118.2575 E0.02907
G1 F2400 X116.3137 Y118.6500 E0.01889
G1 F2100 E-1.00000
G0 F7200 X118.6500 Y116.9867
G1 F2100 E1.00000
G1 F2400 X118.4777 Y116.7039 E0.01549
G1 F2400 X118.3393 Y116.1362 E0.02733
G1 F2400 X118.2480 Y115.5213 E0.02907
G1 F2400 X118.1042 Y114.9590 E0.02715
G1 F2400 X117.8282 Y114.5290 E0.02390
G1 F2400 X117.3905 Y114.2605 E0.02401
G1 F2400 X117.3500 Y114.2506 E0.00195
G1 F2100 E-1.00000
G0 F7200 X118.6500 Y111.9564
G1 F2100 E1.00000
G1 F2400 X118.3299 Y111.9089 E0.01514
G1 F2400 X117.7669 Y111.7658 E0.02717
G1 F2400 X117.3500 Y111.4999 E0.02313
G1 F2100 E-1.00000
G0 F7200 X118.6500 Y106.9289
G1 F2100 E1.00000
G1 F2400 X118.5402 Y106.7557 E0.00959
G1 F2400 X118.1047 Y106.4851 E0.02398
G1 F2400 X117.5390 Y106.3447 E0.02726
G1 F2400 X117.3500 Y106.3166 E0.00894
G1 F2100 E-1.00000
G0 F7200 X118.6500 Y104.0328
G1 F2100 E1.00000
G1 F2400 X118.4811 Y103.9904 E0.00815
G1 F2400 X118.0477 Y103.7176 E0.02395
G1 F2400 X117.7760 Y103.2832 E0.02397
G1 F2400 X117.6349 Y102.7181 E0.02724
G1 F2400 X117.5437 Y102.1032 E0.02908
G1 F2400 X117.4027 Y101.5382 E0.02724
G1 F2400 X117.2850 Y101.3500 E0.01038
G1 F2100 E-1.00000
G0 F7200 X113.1178 Y102.6500
G1 F2100 E1.00000
G1 F2400 X112.8313 Y102.5789 E0.01381
G1 F2400 X112.3958 Y102.3083 E0.02398
G1 F2400 X112.1219 Y101.8760 E0.02393
G1 F2400 X111.9890 Y101.3500 E0.02538
G1 F2100 E-1.00000
G0 F7200 X109.7253 Y102.6500
G1 F2100 E1.00000
G1 F2400 X109.6272 Y102.2524 E0.01915
G1 F2400 X109.3577 Y101.8158 E0.02400
G1 F2400 X108.9265 Y101.5408 E0.02392
G1 F2400 X108.3635 Y101.3977 E0.02717
G1 F2400 X108.0420 Y101.3500 E0.01520
G1 F2100 E-1.00000
G0 F7200 X104.3849 Y102.6500
G1 F2100 E1.00000
G1 F2400 X104.3465 Y102.5902 E0.00332
G1 F2400 X104.2027 Y102.0279 E0.02715
G1 F2400 X104.1115 Y101.4130 E0.02907
G1 F2400 X104.0961 Y101.3500 E0.00303
G1 F2100 E-1.00000
G0 F7200 X101.3500 Y102.3764
G1 F2100 E1.00000
G1 F2400 X101.5844 Y102.5279 E0.01305
G1 F2400 X101.8517 Y102.9666 E0.02403
G1 F2400 X101.9902 Y103.5343 E0.02733
G1 F2400 X102.0814 Y104.1492 E0.02907
G1 F2400 X102.2252 Y104.7115 E0.02715
G1 F2400 X102.5013 Y105.1416 E0.02390
G1 F2400 X102.6500 Y105.2328 E0.00816
G1 F2100 E-1.00000
G0 F7200 X102.6500 Y107.9605
G1 F2100 E1.00000
G1 F2400 X102.5626 Y107.9048 E0.00485
G1 F2400 X101.9996 Y107.7617 E0.02717
G1 F2400 X101.3847 Y107.6704 E0.02907
G1 F2400 X101.3500 Y107.6619 E0.00167
G1 F2100 E-1.00000
G0 F7200 X101.3500 Y111.7647
G1 F2100 E1.00000
G1 F2400 X101.3729 Y111.9190 E0.00729
G1 F2400 X101.5153 Y112.4826 E0.02719
G1 F2400 X101.7892 Y112.9149 E0.02393
G1 F2400 X102.2247 Y113.1855 E0.02398
G1 F2400 X102.6500 Y113.2911 E0.02050
G1 F2100 E-1.00000
G0 F7200 X101.3500 Y115.5550
G1 F2100 E1.00000
G1 F2400 X101.8484 Y115.6802 E0.02403
G1 F2400 X102.2817 Y115.9530 E0.02395
G1 F2400 X102.5534 Y116.3874 E0.02397
G1 F2400 X102.6500 Y116.7742 E0.01865
G1 F2100 E-1.00000
G0 F7200 X102.7535 Y117.3500
G1 F2100 E1.00000
G1 F2400 X102.7857 Y117.5674 E0.01028
G1 F2400 X102.9268 Y118.1324 E0.02724
G1 F2400 X103.1985 Y118.5668 E0.02397
G1 F2400 X103.3306 Y118.6500 E0.00730
G1 F2100 E-1.00000
G0 F7200 X107.9139 Y117.3500
G1 F2100 E1.00000
G1 F2400 X107.9336 Y117.3623 E0.00109
G1 F2400 X108.2075 Y117.7945 E0.02393
G1 F2400 X108.3500 Y118.3582 E0.02719
G1 F2400 X108.3932 Y118.6500 E0.01380
G1 F2100 E-1.00000
G0 F7200 X110.6854 Y117.3500
G1 F2100 E1.00000
G1 F2400 X110.7022 Y117.4182 E0.00328
G1 F2400 X110.9718 Y117.8548 E0.02400
G1 F2400 X111.4029 Y118.1297 E0.02392
G1 F2400 X111.9659 Y118.2729 E0.02717
G1 F2400 X112.5808 Y118.3641 E0.02907
G1 F2400 X113.1479 Y118.5032 E0.02731
G1 F2400 X113.3872 Y118.6500 E0.01314
;LAYER_CHANGE
;Z:6.500
;HEIGHT:0.250
; LAYER:25
G1 F7200 Z6.5000
;TYPE:External perimeter
;WIDTH:0.4500
G1 F2100 E-1.00000
G0 F7200 X100.2250 Y100.2250
G1 F2100 E1.00000
G1 F2400 X100.2250 Y119.7750 E0.91439
G1 F2400 X119.7750 Y119.7750 E0.91439
G1 F2400 X119.7750 Y100.2250 E0.91439
G1 F2400 X100.2250 Y100.2250 E0.91439
G1 F2100 E-1.00000
G0 F7200 X116.2250 Y116.2250
G1 F2100 E1.00000
G1 F2400 X103.7750 Y116.2250 E0.58231
G1 F2400 X103.7750 Y103.7750 E0.58231
G1 F2400 X116.2250 Y103.7750 E0.58231
G1 F2400 X116.2250 Y116.2250 E0.58231
;TYPE:Perimeter
;WIDTH:0.4500
G1 F2100 E-1.00000
G0 F7200 X100.6750 Y100.6750
G1 F2100 E1.00000
G1 F2400 X100.6750 Y119.3250 E0.87230
G1 F2400 X119.3250 Y119.3250 E0.87230
G1 F2400 X119.3250 Y100.6750 E0.87230
G1 F2400 X100.6750 Y100.6750 E0.87230
G1 F2100 E-1.00000
G0 F7200 X116.6750 Y116.6750
G1 F2100 E1.00000
G1 F2400 X103.3250 Y116.6750 E0.62441
G1 F2400 X103.3250 Y103.3250 E0.62441
G1 F2400 X116.6750 Y103.3250 E0.62441
G1 F2400 X116.6750 Y116.6750 E0.62441
G1 F2100 E-1.00000
G0 F7200 X101.1250 Y101.1250
G1 F2100 E1.00000
G1 F2400 X101.1250 Y118.8750 E0.83020
G1 F2400 X118.8750 Y118.8750 E0.83020
G1 F2400 X118.8750 Y101.1250 E0.83020
G1 F2400 X101.1250 Y101.1250 E0.83020
G1 F2100 E-1.00000
G0 F7200 X117.1250 Y117.1250
G1 F2100 E1.00000
G1 F2400 X102.8750 Y117.1250 E0.66650
G1 F2400 X102.8750 Y102.8750 E0.66650
G1 F2400 X117.1250 Y102.8750 E0.66650
G1 F2400 X117.1250 Y117.1250 E0.66650
;TYPE:Internal infill
;WIDTH:0.4500
G1 F2100 E-1.00000
G0 F7200 X118.6500 Y117.2850
G1 F2100 E1.00000
G1 F2400 X118.4618 Y117.4027 E0.01038
G1 F2400 X117.8968 Y117.5437 E0.02724
G1 F2400 X117.2819 Y117.6349 E0.02908
G1 F2400 X116.7168 Y117.7760 E0.02724
G1 F2400 X116.2824 Y118.0477 E0.02397
G1 F2400 X116.0096 Y118.4811 E0.02395
G1 F2400 X115.9672 Y118.6500 E0.00815
G1 F2100 E-1.00000
G0 F7200 X113.6834 Y117.3500
G1 F2100 E1.00000
G1 F2400 X113.6553 Y117.5390 E0.00894
G1 F2400 X113.5149 Y118.1047 E0.02726
G1 F2400 X113.2443 Y118.5402 E0.02398
G1 F2400 X113.0711 Y118.6500 E0.00959
G1 F2100 E-1.00000
G0 F7200 X108.5001 Y117.3500
G1 F2100 E1.00000
G1 F2400 X108.2342 Y117.7669 E0.02313
G1 F2400 X108.0911 Y118.3299 E0.02717
G1 F2400 X108.0436 Y118.6500 E0.01514
G1 F2100 E-1.00000
G0 F7200 X105.7494 Y117.3500
G1 F2100 E1.00000
G1 F2400 X105.7395 Y117.3905 E0.00195
G1 F2400 X105.4710 Y117.8282 E0.02401
G1 F2400 X105.0410 Y118.1042 E0.02390
G1 F2400 X104.4787 Y118.2480 E0.02715
G1 F2400 X103.8638 Y118.3393 E0.02907
G1 F2400 X103.2961 Y118.4777 E0.02733
G1 F2400 X103.0133 Y118.6500 E0.01549
G1 F2100 E-1.00000
G0 F7200 X102.6500 Y116.0519
G1 F2100 E1.00000
G1 F2400 X102.3573 Y116.1267 E0.01413
G1 F2400 X101.7425 Y116.2180 E0.02907
G1 F2400 X101.3500 Y116.3137 E0.01889
G1 F2100 E-1.00000
G0 F7200 X101.3500 Y113.3872
G1 F2100 E1.00000
G1 F2400 X101.4968 Y113.1479 E0.01314
G1 F2400 X101.6359 Y112.5808 E0.02731
G1 F2400 X101.7271 Y111.9659 E0.02907
G1 F2400 X101.8703 Y111.4029 E0.02717
G1 F2400 X102.1452 Y110.9718 E0.02392
G1 F2400 X102.5818 Y110.7022 E0.02400
G1 F2400 X102.6500 Y110.6854 E0.00328
G1 F2100 E-1.00000
G0 F7200 X101.3500 Y108.3932
G1 F2100 E1.00000
G1 F2400 X101.6418 Y108.3500 E0.01380
G1 F2400 X102.2055 Y108.2075 E0.02719
G1 F2400 X102.6377 Y107.9336 E0.02393
G1 F2400 X102.6500 Y107.9139 E0.00109
G1 F2100 E-1.00000
G0 F7200 X101.3500 Y103.3306
G1 F2100 E1.00000
G1 F2400 X101.4332 Y103.1985 E0.00730
G1 F2400 X101.8676 Y102.9268 E0.02397
G1 F2400 X102.4326 Y102.7857 E0.02724
G1 F2400 X102.6500 Y102.7535 E0.01028
G1 F2100 E-1.00000
G0 F7200 X103.2258 Y102.6500
G1 F2100 E1.00000
G1 F2400 X103.6126 Y102.5534 E0.01865
G1 F2400 X104.0470 Y102.2817 E0.02397
G1 F2400 X104.3198 Y101.8484 E0.02395
G1 F2400 X104.4450 Y101.3500 E0.02403
G1 F2100 E-1.00000
G0 F7200 X106.7089 Y102.6500
G1 F2100 E1.00000
G1 F2400 X106.8145 Y102.2247 E0.02050
G1 F2400 X107.0851 Y101.7892 E0.02398
G1 F2400 X107.5174 Y101.5153 E0.02393
G1 F2400 X108.0810 Y101.3729 E0.02719
G1 F2400 X108.2353 Y101.3500 E0.00729
G1 F2100 E-1.00000
G0 F7200 X112.0395 Y102.6500
G1 F2100 E1.00000
G1 F2400 X112.0952 Y102.5626 E0.00485
G1 F2400 X112.2383 Y101.9996 E0.02717
G1 F2400 X112.3296 Y101.3847 E0.02907
G1 F2400 X112.3381 Y101.3500 E0.00167
G1 F2100 E-1.00000
G0 F7200 X114.7672 Y102.6500
G1 F2100 E1.00000
G1 F2400 X114.8584 Y102.5013 E0.00816
G1 F2400 X115.2885 Y102.2252 E0.02390
G1 F2400 X115.8508 Y102.0814 E0.02715
G1 F2400 X116.4657 Y101.9902 E0.02907
G1 F2400 X117.0334 Y101.8517 E0.02733
G1 F2400 X117.4721 Y101.5844 E0.02403
G1 F2400 X117.6236 Y101.3500 E0.01305
G1 F2100 E-1.00000
G0 F7200 X118.6500 Y104.0961
G1 F2100 E1.00000
G1 F2400 X118.5870 Y104.1115 E0.00303
G1 F2400 X117.9721 Y104.2027 E0.02907
G1 F2400 X117.4098 Y104.3465 E0.02715
G1 F2400 X117.3500 Y104.3849 E0.00332
G1 F2100 E-1.00000
G0 F7200 X118.6500 Y108.0420
G1 F2100 E1.00000
G1 F2400 X118.6023 Y108.3635 E0.01520
G1 F2400 X118.4592 Y108.9265 E0.02717
G1 F2400 X118.1842 Y109.3577 E0.02392
G1 F2400 X117.7476 Y109.6272 E0.02400
G1 F2400 X117.3500 Y109.7253 E0.01915
G1 F2100 E-1.00000
G0 F7200 X118.6500 Y111.9890
G1 F2100 E1.00000
G1 F2400 X118.1240 Y112.1219 E0.02538
G1 F2400 X117.6917 Y112.3958 E0.02393
G1 F2400 X117.4211 Y112.8313 E0.02398
G1 F2400 X117.3500 Y113.1178 E0.01381
;LAYER_CHANGE
;Z:6.750
;HEIGHT:0.250
; LAYER:26
G1 F7200 Z6.7500
;TYPE:External perimeter
;WIDTH:0.4500
G1 F2100 E-1.00000
G0 F7200 X100.2250 Y100.2250
G1 F2100 E1.00000
G1 F2400 X100.2250 Y119.7750 E0.91439
G1 F2400 X119.7750 Y119.7750 E0.91439
G1 F2400 X119.7750 Y100.2250 E0.91439
G1 F2400 X100.2250 Y100.2250 E0.91439
G1 F2100 E-1.00000
G0 F7200 X116.2250 Y116.2250
G1 F2100 E1.00000
G1 F2400 X103.7750 Y116.2250 E0.58231
G1 F2400 X103.7750 Y103.7750 E0.58231
G1 F2400 X116.2250 Y103.7750 E0.58231
G1 F2400 X116.2250 Y116.2250 E0.58231
;TYPE:Perimeter
;WIDTH:0.4500
G1 F2100 E-1.00000
G0 F7200 X100.6750 Y100.6750
G1 F2100 E1.00000
G1 F2400 X100.6750 Y119.3250 E0.87230
G1 F2400 X119.3250 Y119.3250 E0.87230
G1 F2400 X119.3250 Y100.6750 E0.87230
G1 F2400 X100.6750 Y100.6750 E0.87230
G1 F2100 E-1.00000
G0 F7200 X116.6750 Y116.6750
G1 F2100 E1.00000
G1 F2400 X103.3250 Y116.6750 E0.62441
G1 F2400 X103.3250 Y103.3250 E0.62441
G1 F2400 X116.6750 Y103.3250 E0.62441
G1 F2400 X116.6750 Y116.6750 E0.62441
G1 F2100 E-1.00000
G0 F7200 X101.1250 Y101.1250
G1 F2100 E1.00000
G1 F2400 X101.1250 Y118.8750 E0.83020
G1 F2400 X118.8750 Y118.8750 E0.83020
G1 F2400 X118.8750 Y101.1250 E0.83020
G1 F2400 X101.1250 Y101.1250 E0.83020
G1 F2100 E-1.00000
G0 F7200 X117.1250 Y117.1250
G1 F2100 E1.00000
G1 F2400 X102.8750 Y117.1250 E0.66650
G1 F2400 X102.8750 Y102.8750 E0.66650
G1 F2400 X117.1250 Y102.8750 E0.66650
G1 F2400 X117.1250 Y117.1250 E0.66650
;TYPE:Internal infill
;WIDTH:0.4500
G1 F2100 E-1.00000
G0 F7200 X116.0519 Y117.3500
G1 F2100 E1.00000
G1 F2400 X116.1267 Y117.6427 E0.01413
G1 F2400 X116.2180 Y118.2575 E0.02907
G1 F2400 X116.3137 Y118.6500 E0.01889
G1 F2100 E-1.00000
G0 F7200 X118.6500 Y116.9867
G1 F2100 E1.00000
G1 F2400 X118.4777 Y116.7039 E0.01549
G1 F2400 X118.3393 Y116.1362 E0.02733
G1 F2400 X118.2480 Y115.5213 E0.02907
G1 F2400 X118.1042 Y114.9590 E0.02715
G1 F2400 X117.8282 Y114.5290 E0.02390
G1 F2400 X117.3905 Y114.2605 E0.02401
G1 F2400 X117.3500 Y114.2506 E0.00195
G1 F2100 E-1.00000
G0 F7200 X118.6500 Y111.9564
G1 F2100 E1.00000
G1 F2400 X118.3299 Y111.9089 E0.01514
G1 F2400 X117.7669 Y111.7658 E0.02717
G1 F2400 X117.3500 Y111.4999 E0.02313
G1 F2100 E-1.00000
G0 F7200 X118.6500 Y106.9289
G1 F2100 E1.00000
G1 F2400 X118.5402 Y106.7557 E0.00959
G1 F2400 X118.1047 Y106.4851 E0.02398
G1 F2400 X117.5390 Y106.3447 E0.02726
G1 F2400 X117.3500 Y106.3166 E0.00894
G1 F2100 E-1.00000
G0 F7200 X118.6500 Y104.0328
G1 F2100 E1.00000
G1 F2400 X118.4811 Y103.9904 E0.00815
G1 F2400 X118.0477 Y103.7176 E0.02395
G1 F2400 X117.7760 Y103.2832 E0.02397
G1 F2400 X117.6349 Y102.7181 E0.02724
G1 F2400 X117.5437 Y102.1032 E0.02908
G1 F2400 X117.4027 Y101.5382 E0.02724
G1 F2400 X117.2850 Y101.3500 E0.01038
G1 F2100 E-1.00000
G0 F7200 X113.1178 Y102.6500
G1 F2100 E1.00000
G1 F2400 X112.8313 Y102.5789 E0.01381
G1 F2400 X112.3958 Y102.3083 E0.02398
G1 F2400 X112.1219 Y101.8760 E0.02393
G1 F2400 X111.9890 Y101.3500 E0.02538
G1 F2100 E-1.00000
G0 F7200 X109.7253 Y102.6500
G1 F2100 E1.00000
G1 F2400 X109.6272 Y102.2524 E0.01915
G1 F2400 X109.3577 Y101.8158 E0.02400
G1 F2400 X108.9265 Y101.5408 E0.02392
G1 F2400 X108.3635 Y101.3977 E0.02717
G1 F2400 X108.0420 Y101.3500 E0.01520
G1 F2100 E-1.00000
G0 F7200 X104.3849 Y102.6500
G1 F2100 E1.00000
G1 F2400 X104.3465 Y102.5902 E0.00332
G1 F2400 X104.2027 Y102.0279 E0.02715
G1 F2400 X104.1115 Y101.4130 E0.02907
G1 F2400 X104.0961 Y101.3500 E0.00303
G1 F2100 E-1.00000
G0 F7200 X101.3500 Y102.3764
G1 F2100 E1.00000
G1 F2400 X101.5844 Y102.5279 E0.01305
G1 F2400 X101.8517 Y102.9666 E0.02403
G1 F2400 X101.9902 Y103.5343 E0.02733
G1 F2400 X102.0814 Y104.1492 E0.02907
G1 F2400 X102.2252 Y104.7115 E0.02715
G1 F2400 X102.5013 Y105.1416 E0.02390
G1 F2400 X102.6500 Y105.2328 E0.00816
G1 F2100 E-1.00000
G0 F7200 X102.6500 Y107.9605
G1 F2100 E1.00000
G1 F2400 X102.5626 Y107.9048 E0.00485
G1 F2400 X101.9996 Y107.7617 E0.02717
G1 F2400 X101.3847 Y107.6704 E0.02907
G1 F2400 X101.3500 Y107.6619 E0.00167
G1 F2100 E-1.00000
G0 F7200 X101.3500 Y111.7647
G1 F2100 E1.00000
G1 F2400 X101.3729 Y111.9190 E0.00729
G1 F2400 X101.5153 Y112.4826 E0.02719
G1 F2400 X101.7892 Y112.9149 E0.02393
G1 F2400 X102.2247 Y113.1855 E0.02398
G1 F2400 X102.6500 Y113.2911 E0.02050
G1 F2100 E-1.00000
G0 F7200 X101.3500 Y115.5550
G1 F2100 E1.00000
G1 F2400 X101.8484 Y115.6802 E0.02403
G1 F2400 X102.2817 Y115.9530 E0.02395
G1 F2400 X102.5534 Y116.3874 E0.02397
G1 F2400 X102.6500 Y116.7742 E0.01865
G1 F2100 E-1.00000
G0 F7200 X102.7535 Y117.3500
G1 F2100 E1.00000
G1 F2400 X102.7857 Y117.5674 E0.01028
G1 F2400 X102.9268 Y118.1324 E0.02724
G1 F2400 X103.1985 Y118.5668 E0.02397
G1 F2400 X103.3306 Y118.6500 E0.00730
G1 F2100 E-1.00000
G0 F7200 X107.9139 Y117.3500
G1 F2100 E1.00000
G1 F2400 X107.9336 Y117.3623 E0.00109
G1 F2400 X108.2075 Y117.7945 E0.02393
G1 F2400 X108.3500 Y118.3582 E0.02719
G1 F2400 X108.3932 Y118.6500 E0.01380
G1 F2100 E-1.00000
G0 F7200 X110.6854 Y117.3500
G1 F2100 E1.00000
G1 F2400 X110.7022 Y117.4182 E0.00328
G1 F2400 X110.9718 Y117.8548 E0.02400
G1 F2400 X111.4029 Y118.1297 E0.02392
G1 F2400 X111.9659 Y118.2729 E0.02717
G1 F2400 X112.5808 Y118.3641 E0.02907
G1 F2400 X113.1479 Y118.5032 E0.02731
G1 F2400 X113.3872 Y118.6500 E0.01314
;LAYER_CHANGE
;Z:7.000
;HEIGHT:0.250
; LAYER:27
G1 F7200 Z7.0000
;TYPE:External perimeter
;WIDTH:0.4500
G1 F2100 E-1.00000
G0 F7200 X100.2250 Y100.2250
G1 F2100 E1.00000
G1 F2400 X100.2250 Y119.7750 E0.91439
G1 F2400 X119.7750 Y119.7750 E0.91439
G1 F2400 X119.7750 Y100.2250 E0.91439
G1 F2400 X100.2250 Y100.2250 E0.91439
G1 F2100 E-1.00000
G0 F7200 X116.2250 Y116.2250
G1 F2100 E1.00000
G1 F2400 X103.7750 Y116.2250 E0.58231
G1 F2400 X103.7750 Y103.7750 E0.58231
G1 F2400 X116.2250 Y103.7750 E0.58231
G1 F2400 X116.2250 Y116.2250 E0.58231
;TYPE:Perimeter
;WIDTH:0.4500
G1 F2100 E-1.00000
G0 F7200 X100.6750 Y100.6750
G1 F2100 E1.00000
G1 F2400 X100.6750 Y119.3250 E0.87230
G1 F2400 X119.3250 Y119.3250 E0.87230
G1 F2400 X119.3250 Y100.6750 E0.87230
G1 F2400 X100.6750 Y100.6750 E0.87230
G1 F2100 E-1.00000
G0 F7200 X116.6750 Y116.6750
G1 F2100 E1.00000
G1 F2400 X103.3250 Y116.6750 E0.62441
G1 F2400 X103.3250 Y103.3250 E0.62441
G1 F2400 X116.6750 Y103.3250 E0.62441
G1 F2400 X116.6750 Y116.6750 E0.62441
G1 F2100 E-1.00000
G0 F7200 X101.1250 Y101.1250
G1 F2100 E1.00000
G1 F2400 X101.1250 Y118.8750 E0.83020
G1 F2400 X118.8750 Y118.8750 E0.83020
G1 F2400 X118.8750 Y101.1250 E0.83020
G1 F2400 X101.1250 Y101.1250 E0.83020
G1 F2100 E-1.00000
G0 F7200 X117.1250 Y117.1250
G1 F2100 E1.00000
G1 F2400 X102.8750 Y117.1250 E0.66650
G1 F2400 X102.8750 Y102.8750 E0.66650
G1 F2400 X117.1250 Y102.8750 E0.66650
G1 F2400 X117.1250 Y117.1250 E0.66650
;TYPE:Internal infill
;WIDTH:0.4500
G1 F2100 E-1.00000
G0 F7200 X118.6500 Y117.2850
G1 F2100 E1.00000
G1 F2400 X118.4618 Y117.4027 E0.01038
G1 F2400 X117.8968 Y117.5437 E0.02724
G1 F2400 X117.2819 Y117.6349 E0.02908
G1 F2400 X116.7168 Y117.7760 E0.02724
G1 F2400 X116.2824 Y118.0477 E0.02397
G1 F2400 X116.0096 Y118.4811 E0.02395
G1 F2400 X115.9672 Y118.6500 E0.00815
G1 F2100 E-1.00000
G0 F7200 X113.6834 Y117.3500
G1 F2100 E1.00000
G1 F2400 X113.6553 Y117.5390 E0.00894
G1 F2400 X113.5149 Y118.1047 E0.02726
G1 F2400 X113.2443 Y118.5402 E0.02398
G1 F2400 X113.0711 Y118.6500 E0.00959
G1 F2100 E-1.00000
G0 F7200 X108.5001 Y117.3500
G1 F2100 E1.00000
G1 F2400 X108.2342 Y117.7669 E0.02313
G1 F2400 X108.0911 Y118.3299 E0.02717
G1 F2400 X108.0436 Y118.6500 E0.01514
G1 F2100 E-1.00000
G0 F7200 X105.7494 Y117.3500
G1 F2100 E1.00000
G1 F2400 X105.7395 Y117.3905 E0.00195
G1 F2400 X105.4710 Y117.8282 E0.02401
G1 F2400 X105.0410 Y118.1042 E0.02390
G1 F2400 X104.4787 Y118.2480 E0.02715
G1 F2400 X103.8638 Y118.3393 E0.02907
G1 F2400 X103.2961 Y118.4777 E0.02733
G1 F2400 X103.0133 Y118.6500 E0.01549
G1 F2100 E-1.00000
G0 F7200 X102.6500 Y116.0519
G1 F2100 E1.00000
G1 F2400 X102.3573 Y116.1267 E0.01413
G1 F2400 X101.7425 Y116.2180 E0.02907
G1 F2400 X101.3500 Y116.3137 E0.01889
G1 F2100 E-1.00000
G0 F7200 X101.3500 Y113.3872
G1 F2100 E1.00000
G1 F2400 X101.4968 Y113.1479 E0.01314
G1 F2400 X101.6359 Y112.5808 E0.02731
G1 F2400 X101.7271 Y111.9659 E0.02907
G1 F2400 X101.8703 Y111.4029 E0.02717
G1 F2400 X102.1452 Y110.9718 E0.02392
G1 F2400 X102.5818 Y110.7022 E0.02400
G1 F2400 X102.6500 Y110.6854 E0.00328
G1 F2100 E-1.00000
G0 F7200 X101.3500 Y108.3932
G1 F2100 E1.00000
G1 F2400 X101.6418 Y108.3500 E0.01380
G1 F2400 X102.2055 Y108.2075 E0.02719
G1 F2400 X102.6377 Y107.9336 E0.02393
G1 F2400 X102.6500 Y107.9139 E0.00109
G1 F2100 E-1.00000
G0 F7200 X101.3500 Y103.3306
G1 F2100 E1.00000
G1 F2400 X101.4332 Y103.1985 E0.00730
G1 F2400 X101.8676 Y102.9268 E0.02397
G1 F2400 X102.4326 Y102.7857 E0.02724
G1 F2400 X102.6500 Y102.7535 E0.01028
G1 F2100 E-1.00000
G0 F7200 X103.2258 Y102.6500
G1 F2100 E1.00000
G1 F2400 X103.6126 Y102.5534 E0.01865
G1 F2400 X104.0470 Y102.2817 E0.02397
G1 F2400 X104.3198 Y101.8484 E0.02395
G1 F2400 X104.4450 Y101.3500 E0.02403
G1 F2100 E-1.00000
G0 F7200 X106.7089 Y102.6500
G1 F2100 E1.00000
G1 F2400 X106.8145 Y102.2247 E0.02050
G1 F2400 X107.0851 Y101.7892 E0.02398
G1 F2400 X107.5174 Y101.5153 E0.02393
G1 F2400 X108.0810 Y101.3729 E0.02719
G1 F2400 X108.2353 Y101.3500 E0.00729
G1 F2100 E-1.00000
G0 F7200 X112.0395 Y102.6500
G1 F2100 E1.00000
G1 F2400 X112.0952 Y102.5626 E0.00485
G1 F2400 X112.2383 Y101.9996 E0.02717
G1 F2400 X112.3296 Y101.3847 E0.02907
G1 F2400 X112.3381 Y101.3500 E0.00167
G1 F2100 E-1.00000
G0 F7200 X114.7672 Y102.6500
G1 F2100 E1.00000
G1 F2400 X114.8584 Y102.5013 E0.00816
G1 F2400 X115.2885 Y102.2252 E0.02390
G1 F2400 X115.8508 Y102.0814 E0.02715
G1 F2400 X116.4657 Y101.9902 E0.02907
G1 F2400 X117.0334 Y101.8517 E0.02733
G1 F2400 X117.4721 Y101.5844 E0.02403
G1 F2400 X117.6236 Y101.3500 E0.01305
G1 F2100 E-1.00000
G0 F7200 X118.6500 Y104.0961
G1 F2100 E1.00000
G1 F2400 X118.5870 Y104.1115 E0.00303
G1 F2400 X117.9721 Y104.2027 E0.02907
G1 F2400 X117.4098 Y104.3465 E0.02715
G1 F2400 X117.3500 Y104.3849 E0.00332
G1 F2100 E-1.00000
G0 F7200 X118.6500 Y108.0420
G1 F2100 E1.00000
G1 F2400 X118.6023 Y108.3635 E0.01520
G1 F2400 X118.4592 Y108.9265 E0.02717
G1 F2400 X118.1842 Y109.3577 E0.02392
G1 F2400 X117.7476 Y109.6272 E0.02400
G1 F2400 X117.3500 Y109.7253 E0.01915
G1 F2100 E-1.00000
G0 F7200 X118.6500 Y111.9890
G1 F2100 E1.00000
G1 F2400 X118.1240 Y112.1219 E0.02538
G1 F2400 X117.6917 Y112.3958 E0.02393
G1 F2400 X117.4211 Y112.8313 E0.02398
G1 F2400 X117.3500 Y113.1178 E0.01381
;LAYER_CHANGE
;Z:7.250
;HEIGHT:0.250
; LAYER:28
G1 F7200 Z7.2500
;TYPE:External perimeter
;WIDTH:0.4500
G1 F2100 E-1.00000
G0 F7200 X100.2250 Y100.2250
G1 F2100 E1.00000
G1 F2400 X100.2250 Y119.7750 E0.91439
G1 F2400 X119.7750 Y119.7750 E0.91439
G1 F2400 X119.7750 Y100.2250 E0.91439
G1 F2400 X100.2250 Y100.2250 E0.91439
G1 F2100 E-1.00000
G0 F7200 X116.2250 Y116.2250
G1 F2100 E1.00000
G1 F2400 X103.7750 Y116.2250 E0.58231
G1 F2400 X103.7750 Y103.7750 E0.58231
G1 F2400 X116.2250 Y103.7750 E0.58231
G1 F2400 X116.2250 Y116.2250 E0.58231
;TYPE:Perimeter
;WIDTH:0.4500
G1 F2100 E-1.00000
G0 F7200 X100.6750 Y100.6750
G1 F2100 E1.00000
G1 F2400 X100.6750 Y119.3250 E0.87230
G1 F2400 X119.3250 Y119.3250 E0.87230
G1 F2400 X119.3250 Y100.6750 E0.87230
G1 F2400 X100.6750 Y100.6750 E0.87230
G1 F2100 E-1.00000
G0 F7200 X116.6750 Y116.6750
G1 F2100 E1.00000
G1 F2400 X103.3250 Y116.6750 E0.62441
G1 F2400 X103.3250 Y103.3250 E0.62441
G1 F2400 X116.6750 Y103.3250 E0.62441
G1 F2400 X116.6750 Y116.6750 E0.62441
G1 F2100 E-1.00000
G0 F7200 X101.1250 Y101.1250
G1 F2100 E1.00000
G1 F2400 X101.1250 Y118.8750 E0.83020
G1 F2400 X118.8750 Y118.8750 E0.83020
G1 F2400 X118.8750 Y101.1250 E0.83020
G1 F2400 X101.1250 Y101.1250 E0.83020
G1 F2100 E-1.00000
G0 F7200 X117.1250 Y117.1250
G1 F2100 E1.00000
G1 F2400 X102.8750 Y117.1250 E0.66650
G1 F2400 X102.8750 Y102.8750 E0.66650
G1 F2400 X117.1250 Y102.8750 E0.66650
G1 F2400 X117.1250 Y117.1250 E0.66650
;TYPE:Internal infill
;WIDTH:0.4500
G1 F2100 E-1.00000
G0 F7200 X116.0519 Y117.3500
G1 F2100 E1.00000
G1 F2400 X116.1267 Y117.6427 E0.01413
G1 F2400 X116.2180 Y118.2575 E0.02907
G1 F2400 X116.3137 Y118.6500 E0.01889
G1 F2100 E-1.00000
G0 F7200 X118.6500 Y116.9867
G1 F2100 E1.00000
G1 F2400 X118.4777 Y116.7039 E0.01549
G1 F2400 X118.3393 Y116.1362 E0.02733
G1 F2400 X118.2480 Y115.5213 E0.02907
G1 F2400 X118.1042 Y114.9590 E0.02715
G1 F2400 X117.8282 Y114.5290 E0.02390
G1 F2400 X117.3905 Y114.2605 E0.02401
G1 F2400 X117.3500 Y114.2506 E0.00195
G1 F2100 E-1.00000
G0 F7200 X118.6500 Y111.9564
G1 F2100 E1.00000
G1 F2400 X118.3299 Y111.9089 E0.01514
G1 F2400 X117.7669 Y111.7658 E0.02717
G1 F2400 X117.3500 Y111.4999 E0.02313
G1 F2100 E-1.00000
G0 F7200 X118.6500 Y106.9289
G1 F2100 E1.00000
G1 F2400 X118.5402 Y106.7557 E0.00959
G1 F2400 X118.1047 Y106.4851 E0.02398
G1 F2400 X117.5390 Y106.3447 E0.02726
G1 F2400 X117.3500 Y106.3166 E0.00894
G1 F2100 E-1.00000
G0 F7200 X118.6500 Y104.0328
G1 F2100 E1.00000
G1 F2400 X118.4811 Y103.9904 E0.00815
G1 F2400 X118.0477 Y103.7176 E0.02395
G1 F2400 X117.7760 Y103.2832 E0.02397
G1 F2400 X117.6349 Y102.7181 E0.02724
G1 F2400 X117.5437 Y102.1032 E0.02908
G1 F2400 X117.4027 Y101.5382 E0.02724
G1 F2400 X117.2850 Y101.3500 E0.01038
G1 F2100 E-1.00000
G0 F7200 X113.1178 Y102.6500
G1 F2100 E1.00000
G1 F2400 X112.8313 Y102.5789 E0.01381
G1 F2400 X112.3958 Y102.3083 E0.02398
G1 F2400 X112.1219 Y101.8760 E0.02393
G1 F2400 X111.9890 Y101.3500 E0.02538
G1 F2100 E-1.00000
G0 F7200 X109.7253 Y102.6500
G1 F2100 E1.00000
G1 F2400 X109.6272 Y102.2524 E0.01915
G1 F2400 X109.3577 Y101.8158 E0.02400
G1 F2400 X108.9265 Y101.5408 E0.02392
G1 F2400 X108.3635 Y101.3977 E0.02717
G1 F2400 X108.0420 Y101.3500 E0.01520
G1 F2100 E-1.00000
G0 F7200 X104.3849 Y102.6500
G1 F2100 E1.00000
G1 F2400 X104.3465 Y102.5902 E0.00332
G1 F2400 X104.2027 Y102.0279 E0.02715
G1 F2400 X104.1115 Y101.4130 E0.02907
G1 F2400 X104.0961 Y101.3500 E0.00303
G1 F2100 E-1.00000
G0 F7200 X101.3500 Y102.3764
G1 F2100 E1.00000
G1 F2400 X101.5844 Y102.5279 E0.01305
G1 F2400 X101.8517 Y102.9666 E0.02403
G1 F2400 X101.9902 Y103.5343 E0.02733
G1 F2400 X102.0814 Y104.1492 E0.02907
G1 F2400 X102.2252 Y104.7115 E0.02715
G1 F2400 X102.5013 Y105.1416 E0.02390
G1 F2400 X102.6500 Y105.2328 E0.00816
G1 F2100 E-1.00000
G0 F7200 X102.6500 Y107.9605
G1 F2100 E1.00000
G1 F2400 X102.5626 Y107.9048 E0.00485
G1 F2400 X101.9996 Y107.7617 E0.02717
G1 F2400 X101.3847 Y107.6704 E0.02907
G1 F2400 X101.3500 Y107.6619 E0.00167
G1 F2100 E-1.00000
G0 F7200 X101.3500 Y111.7647
G1 F2100 E1.00000
G1 F2400 X101.3729 Y111.9190 E0.00729
G1 F2400 X101.5153 Y112.4826 E0.02719
G1 F2400 X101.7892 Y112.9149 E0.02393
G1 F2400 X102.2247 Y113.1855 E0.02398
G1 F2400 X102.6500 Y113.2911 E0.02050
G1 F2100 E-1.00000
G0 F7200 X101.3500 Y115.5550
G1 F2100 E1.00000
G1 F2400 X101.8484 Y115.6802 E0.02403
G1 F2400 X102.2817 Y115.9530 E0.02395
G1 F2400 X102.5534 Y116.3874 E0.02397
G1 F2400 X102.6500 Y116.7742 E0.01865
G1 F2100 E-1.00000
G0 F7200 X102.7535 Y117.3500
G1 F2100 E1.00000
G1 F2400 X102.7857 Y117.5674 E0.01028
G1 F2400 X102.9268 Y118.1324 E0.02724
G1 F2400 X103.1985 Y118.5668 E0.02397
G1 F2400 X103.3306 Y118.6500 E0.00730
G1 F2100 E-1.00000
G0 F7200 X107.9139 Y117.3500
G1 F2100 E1.00000
G1 F2400 X107.9336 Y117.3623 E0.00109
G1 F2400 X108.2075 Y117.7945 E0.02393
G1 F2400 X108.3500 Y118.3582 E0.02719
G1 F2400 X108.3932 Y118.6500 E0.01380
G1 F2100 E-1.00000
G0 F7200 X110.6854 Y117.3500
G1 F2100 E1.00000
G1 F2400 X110.7022 Y117.4182 E0.00328
G1 F2400 X110.9718 Y117.8548 E0.02400
G1 F2400 X111.4029 Y118.1297 E0.02392
G1 F2400 X111.9659 Y118.2729 E0.02717
G1 F2400 X112.5808 Y118.3641 E0.02907
G1 F2400 X113.1479 Y118.5032 E0.02731
G1 F2400 X113.3872 Y118.6500 E0.01314
;LAYER_CHANGE
;Z:7.500
;HEIGHT:0.250
; LAYER:29
G1 F7200 Z7.5000
;TYPE:External perimeter
;WIDTH:0.4500
G1 F2100 E-1.00000
G0 F7200 X100.2250 Y100.2250
G1 F2100 E1.00000
G1 F2400 X100.2250 Y119.7750 E0.91439
G1 F2400 X119.7750 Y119.7750 E0.91439
G1 F2400 X119.7750 Y100.2250 E0.91439
G1 F2400 X100.2250 Y100.2250 E0.91439
G1 F2100 E-1.00000
G0 F7200 X116.2250 Y116.2250
G1 F2100 E1.00000
G1 F2400 X103.7750 Y116.2250 E0.58231
G1 F2400 X103.7750 Y103.7750 E0.58231
G1 F2400 X116.2250 Y103.7750 E0.58231
G1 F2400 X116.2250 Y116.2250 E0.58231
;TYPE:Perimeter
;WIDTH:0.4500
G1 F2100 E-1.00000
G0 F7200 X100.6750 Y100.6750
G1 F2100 E1.00000
G1 F2400 X100.6750 Y119.3250 E0.87230
G1 F2400 X119.3250 Y119.3250 E0.87230
G1 F2400 X119.3250 Y100.6750 E0.87230
G1 F2400 X100.6750 Y100.6750 E0.87230
G1 F2100 E-1.00000
G0 F7200 X116.6750 Y116.6750
G1 F2100 E1.00000
G1 F2400 X103.3250 Y116.6750 E0.62441
G1 F2400 X103.3250 Y103.3250 E0.62441
G1 F2400 X116.6750 Y103.3250 E0.62441
G1 F2400 X116.6750 Y116.6750 E0.62441
G1 F2100 E-1.00000
G0 F7200 X101.1250 Y101.1250
G1 F2100 E1.00000
G1 F2400 X101.1250 Y118.8750 E0.83020
G1 F2400 X118.8750 Y118.8750 E0.83020
G1 F2400 X118.8750 Y101.1250 E0.83020
G1 F2400 X101.1250 Y101.1250 E0.83020
G1 F2100 E-1.00000
G0 F7200 X117.1250 Y117.1250
G1 F2100 E1.00000
G1 F2400 X102.8750 Y117.1250 E0.66650
G1 F2400 X102.8750 Y102.8750 E0.66650
G1 F2400 X117.1250 Y102.8750 E0.66650
G1 F2400 X117.1250 Y117.1250 E0.66650
;TYPE:Internal infill
;WIDTH:0.4500
G1 F2100 E-1.00000
G0 F7200 X118.6500 Y117.2850
G1 F2100 E1.00000
G1 F2400 X118.4618 Y117.4027 E0.01038
G1 F2400 X117.8968 Y117.5437 E0.02724
G1 F2400 X117.2819 Y117.6349 E0.02908
G1 F2400 X116.7168 Y117.7760 E0.02724
G1 F2400 X116.2824 Y118.0477 E0.02397
G1 F2400 X116.0096 Y118.4811 E0.02395
G1 F2400 X115.9672 Y118.6500 E0.00815
G1 F2100 E-1.00000
G0 F7200 X113.6834 Y117.3500
G1 F2100 E1.00000
G1 F2400 X113.6553 Y117.5390 E0.00894
G1 F2400 X113.5149 Y118.1047 E0.02726
G1 F2400 X113.2443 Y118.5402 E0.02398
G1 F2400 X113.0711 Y118.6500 E0.00959
G1 F2100 E-1.00000
G0 F7200 X108.5001 Y117.3500
G1 F2100 E1.00000
G1 F2400 X108.2342 Y117.7669 E0.02313
G1 F2400 X108.0911 Y118.3299 E0.02717
G1 F2400 X108.0436 Y118.6500 E0.01514
G1 F2100 E-1.00000
G0 F7200 X105.7494 Y117.3500
G1 F2100 E1.00000
G1 F2400 X105.7395 Y117.3905 E0.00195
G1 F2400 X105.4710 Y117.8282 E0.02401
G1 F2400 X105.0410 Y118.1042 E0.02390
G1 F2400 X104.4787 Y118.2480 E0.02715
G1 F2400 X103.8638 Y118.3393 E0.02907
G1 F2400 X103.2961 Y118.4777 E0.02733
G1 F2400 X103.0133 Y118.6500 E0.01549
G1 F2100 E-1.00000
G0 F7200 X102.6500 Y116.0519
G1 F2100 E1.00000
G1 F2400 X102.3573 Y116.1267 E0.01413
G1 F2400 X101.7425 Y116.2180 E0.02907
G1 F2400 X101.3500 Y116.3137 E0.01889
G1 F2100 E-1.00000
G0 F7200 X101.3500 Y113.3872
G1 F2100 E1.00000
G1 F2400 X101.4968 Y113.1479 E0.01314
G1 F2400 X101.6359 Y112.5808 E0.02731
G1 F2400 X101.7271 Y111.9659 E0.02907
G1 F2400 X101.8703 Y111.4029 E0.02717
G1 F2400 X102.1452 Y110.9718 E0.02392
G1 F2400 X102.5818 Y110.7022 E0.02400
G1 F2400 X102.6500 Y110.6854 E0.00328
G1 F2100 E-1.00000
G0 F7200 X101.3500 Y108.3932
G1 F2100 E1.00000
G1 F2400 X101.6418 Y108.3500 E0.01380
G1 F2400 X102.2055 Y108.2075 E0.02719
G1 F2400 X102.6377 Y107.9336 E0.02393
G1 F2400 X102.6500 Y107.9139 E0.00109
G1 F2100 E-1.00000
G0 F7200 X101.3500 Y103.3306
G1 F2100 E1.00000
G1 F2400 X101.4332 Y103.1985 E0.00730
G1 F2400 X101.8676 Y102.9268 E0.02397
G1 F2400 X102.4326 Y102.7857 E0.02724
G1 F2400 X102.6500 Y102.7535 E0.01028
G1 F2100 E-1.00000
G0 F7200 X103.2258 Y102.6500
G1 F2100 E1.00000
G1 F2400 X103.6126 Y102.5534 E0.01865
G1 F2400 X104.0470 Y102.2817 E0.02397
G1 F2400 X104.3198 Y101.8484 E0.02395
G1 F2400 X104.4450 Y101.3500 E0.02403
G1 F2100 E-1.00000
G0 F7200 X106.7089 Y102.6500
G1 F2100 E1.00000
G1 F2400 X106.8145 Y102.2247 E0.02050
G1 F2400 X107.0851 Y101.7892 E0.02398
G1 F2400 X107.5174 Y101.5153 E0.02393
G1 F2400 X108.0810 Y101.3729 E0.02719
G1 F2400 X108.2353 Y101.3500 E0.00729
G1 F2100 E-1.00000
G0 F7200 X112.0395 Y102.6500
G1 F2100 E1.00000
G1 F2400 X112.0952 Y102.5626 E0.00485
G1 F2400 X112.2383 Y101.9996 E0.02717
G1 F2400 X112.3296 Y101.3847 E0.02907
G1 F2400 X112.3381 Y101.3500 E0.00167
G1 F2100 E-1.00000
G0 F7200 X114.7672 Y102.6500
G1 F2100 E1.00000
G1 F2400 X114.8584 Y102.5013 E0.00816
G1 F2400 X115.2885 Y102.2252 E0.02390
G1 F2400 X115.8508 Y102.0814 E0.02715
G1 F2400 X116.4657 Y101.9902 E0.02907
G1 F2400 X117.0334 Y101.8517 E0.02733
G1 F2400 X117.4721 Y101.5844 E0.02403
G1 F2400 X117.6236 Y101.3500 E0.01305
G1 F2100 E-1.00000
G0 F7200 X118.6500 Y104.0961
G1 F2100 E1.00000
G1 F2400 X118.5870 Y104.1115 E0.00303
G1 F2400 X117.9721 Y104.2027 E0.02907
G1 F2400 X117.4098 Y104.3465 E0.02715
G1 F2400 X117.3500 Y104.3849 E0.00332
G1 F2100 E-1.00000
G0 F7200 X118.6500 Y108.0420
G1 F2100 E1.00000
G1 F2400 X118.6023 Y108.3635 E0.01520
G1 F2400 X118.4592 Y108.9265 E0.02717
G1 F2400 X118.1842 Y109.3577 E0.02392
G1 F2400 X117.7476 Y109.6272 E0.02400
G1 F2400 X117.3500 Y109.7253 E0.01915
G1 F2100 E-1.00000
G0 F7200 X118.6500 Y111.9890
G1 F2100 E1.00000
G1 F2400 X118.1240 Y112.1219 E0.02538
G1 F2400 X117.6917 Y112.3958 E0.02393
G1 F2400 X117.4211 Y112.8313 E0.02398
G1 F2400 X117.3500 Y113.1178 E0.01381
;LAYER_CHANGE
;Z:7.750
;HEIGHT:0.250
; LAYER:30
G1 F7200 Z7.7500
;TYPE:External perimeter
;WIDTH:0.4500
G1 F2100 E-1.00000
G0 F7200 X100.2250 Y100.2250
G1 F2100 E1.00000
G1 F2400 X100.2250 Y119.7750 E0.91439
G1 F2400 X119.7750 Y119.7750 E0.91439
G1 F2400 X119.7750 Y100.2250 E0.91439
G1 F2400 X100.2250 Y100.2250 E0.91439
G1 F2100 E-1.00000
G0 F7200 X116.2250 Y116.2250
G1 F2100 E1.00000
G1 F2400 X103.7750 Y116.2250 E0.58231
G1 F2400 X103.7750 Y103.7750 E0.58231
G1 F2400 X116.2250 Y103.7750 E0.58231
G1 F2400 X116.2250 Y116.2250 E0.58231
;TYPE:Perimeter
;WIDTH:0.4500
G1 F2100 E-1.00000
G0 F7200 X100.6750 Y100.6750
G1 F2100 E1.00000
G1 F2400 X100.6750 Y119.3250 E0.87230
G1 F2400 X119.3250 Y119.3250 E0.87230
G1 F2400 X119.3250 Y100.6750 E0.87230
G1 F2400 X100.6750 Y100.6750 E0.87230
G1 F2100 E-1.00000
G0 F7200 X116.6750 Y116.6750
G1 F2100 E1.00000
G1 F2400 X103.3250 Y116.6750 E0.62441
G1 F2400 X103.3250 Y103.3250 E0.62441
G1 F2400 X116.6750 Y103.3250 E0.62441
G1 F2400 X116.6750 Y116.6750 E0.62441
G1 F2100 E-1.00000
G0 F7200 X101.1250 Y101.1250
G1 F2100 E1.00000
G1 F2400 X101.1250 Y118.8750 E0.83020
G1 F2400 X118.8750 Y118.8750 E0.83020
G1 F2400 X118.8750 Y101.1250 E0.83020
G1 F2400 X101.1250 Y101.1250 E0.83020
G1 F2100 E-1.00000
G0 F7200 X117.1250 Y117.1250
G1 F2100 E1.00000
G1 F2400 X102.8750 Y117.1250 E0.66650
G1 F2400 X102.8750 Y102.8750 E0.66650
G1 F2400 X117.1250 Y102.8750 E0.66650
G1 F2400 X117.1250 Y117.1250 E0.66650
;TYPE:Internal infill
;WIDTH:0.4500
G1 F2100 E-1.00000
G0 F7200 X116.0519 Y117.3500
G1 F2100 E1.00000
G1 F2400 X116.1267 Y117.6427 E0.01413
G1 F2400 X116.2180 Y118.2575 E0.02907
G1 F2400 X116.3137 Y118.6500 E0.01889
G1 F2100 E-1.00000
G0 F7200 X118.6500 Y116.9867
G1 F2100 E1.00000
G1 F2400 X118.4777 Y116.7039 E0.01549
G1 F2400 X118.3393 Y116.1362 E0.02733
G1 F2400 X118.2480 Y115.5213 E0.02907
G1 F2400 X118.1042 Y114.9590 E0.02715
G1 F2400 X117.8282 Y114.5290 E0.02390
G1 F2400 X117.3905 Y114.2605 E0.02401
G1 F2400 X117.3500 Y114.2506 E0.00195
G1 F2100 E-1.00000
G0 F7200 X118.6500 Y111.9564
G1 F2100 E1.00000
G1 F2400 X118.3299 Y111.9089 E0.01514
G1 F2400 X117.7669 Y111.7658 E0.02717
G1 F2400 X117.3500 Y111.4999 E0.02313
G1 F2100 E-1.00000
G0 F7200 X118.6500 Y106.9289
G1 F2100 E1.00000
G1 F2400 X118.5402 Y106.7557 E0.00959
G1 F2400 X118.1047 Y106.4851 E0.02398
G1 F2400 X117.5390 Y106.3447 E0.02726
G1 F2400 X117.3500 Y106.3166 E0.00894
G1 F2100 E-1.00000
G0 F7200 X118.6500 Y104.0328
G1 F2100 E1.00000
G1 F2400 X118.4811 Y103.9904 E0.00815
G1 F2400 X118.0477 Y103.7176 E0.02395
G1 F2400 X117.7760 Y103.2832 E0.02397
G1 F2400 X117.6349 Y102.7181 E0.02724
G1 F2400 X117.5437 Y102.1032 E0.02908
G1 F2400 X117.4027 Y101.5382 E0.02724
G1 F2400 X117.2850 Y101.3500 E0.01038
G1 F2100 E-1.00000
G0 F7200 X113.1178 Y102.6500
G1 F2100 E1.00000
G1 F2400 X112.8313 Y102.5789 E0.01381
G1 F2400 X112.3958 Y102.3083 E0.02398
G1 F2400 X112.1219 Y101.8760 E0.02393
G1 F2400 X111.9890 Y101.3500 E0.02538
G1 F2100 E-1.00000
G0 F7200 X109.7253 Y102.6500
G1 F2100 E1.00000
G1 F2400 X109.6272 Y102.2524 E0.01915
G1 F2400 X109.3577 Y101.8158 E0.02400
G1 F2400 X108.9265 Y101.5408 E0.02392
G1 F2400 X108.3635 Y101.3977 E0.02717
G1 F2400 X108.0420 Y101.3500 E0.01520
G1 F2100 E-1.00000
G0 F7200 X104.3849 Y102.6500
G1 F2100 E1.00000
G1 F2400 X104.3465 Y102.5902 E0.00332
G1 F2400 X104.2027 Y102.0279 E0.02715
G1 F2400 X104.1115 Y101.4130 E0.02907
G1 F2400 X104.0961 Y101.3500 E0.00303
G1 F2100 E-1.00000
G0 F7200 X101.3500 Y102.3764
G1 F2100 E1.00000
G1 F2400 X101.5844 Y102.5279 E0.01305
G1 F2400 X101.8517 Y102.9666 E0.02403
G1 F2400 X101.9902 Y103.5343 E0.02733
G1 F2400 X102.0814 Y104.1492 E0.02907
G1 F2400 X102.2252 Y104.7115 E0.02715
G1 F2400 X102.5013 Y105.1416 E0.02390
G1 F2400 X102.6500 Y105.2328 E0.00816
G1 F2100 E-1.00000
G0 F7200 X102.6500 Y107.9605
G1 F2100 E1.00000
G1 F2400 X102.5626 Y107.9048 E0.00485
G1 F2400 X101.9996 Y107.7617 E0.02717
G1 F2400 X101.3847 Y107.6704 E0.02907
G1 F2400 X101.3500 Y107.6619 E0.00167
G1 F2100 E-1.00000
G0 F7200 X101.3500 Y111.7647
G1 F2100 E1.00000
G1 F2400 X101.3729 Y111.9190 E0.00729
G1 F2400 X101.5153 Y112.4826 E0.02719
G1 F2400 X101.7892 Y112.9149 E0.02393
G1 F2400 X102.2247 Y113.1855 E0.02398
G1 F2400 X102.6500 Y113.2911 E0.02050
G1 F2100 E-1.00000
G0 F7200 X101.3500 Y115.5550
G1 F2100 E1.00000
G1 F2400 X101.8484 Y115.6802 E0.02403
G1 F2400 X102.2817 Y115.9530 E0.02395
G1 F2400 X102.5534 Y116.3874 E0.02397
G1 F2400 X102.6500 Y116.7742 E0.01865
G1 F2100 E-1.00000
G0 F7200 X102.7535 Y117.3500
G1 F2100 E1.00000
G1 F2400 X102.7857 Y117.5674 E0.01028
G1 F2400 X102.9268 Y118.1324 E0.02724
G1 F2400 X103.1985 Y118.5668 E0.02397
G1 F2400 X103.3306 Y118.6500 E0.00730
G1 F2100 E-1.00000
G0 F7200 X107.9139 Y117.3500
G1 F2100 E1.00000
G1 F2400 X107.9336 Y117.3623 E0.00109
G1 F2400 X108.2075 Y117.7945 E0.02393
G1 F2400 X108.3500 Y118.3582 E0.02719
G1 F2400 X108.3932 Y118.6500 E0.01380
G1 F2100 E-1.00000
G0 F7200 X110.6854 Y117.3500
G1 F2100 E1.00000
G1 F2400 X110.7022 Y117.4182 E0.00328
G1 F2400 X110.9718 Y117.8548 E0.02400
G1 F2400 X111.4029 Y118.1297 E0.02392
G1 F2400 X111.9659 Y118.2729 E0.02717
G1 F2400 X112.5808 Y118.3641 E0.02907
G1 F2400 X113.1479 Y118.5032 E0.02731
G1 F2400 X113.3872 Y118.6500 E0.01314
;LAYER_CHANGE
;Z:8.000
;HEIGHT:0.250
; LAYER:31
G1 F7200 Z8.0000
;TYPE:External perimeter
;WIDTH:0.4500
G1 F2100 E-1.00000
G0 F7200 X100.2250 Y100.2250
G1 F2100 E1.00000
G1 F2400 X100.2250 Y119.7750 E0.91439
G1 F2400 X119.7750 Y119.7750 E0.91439
G1 F2400 X119.7750 Y100.2250 E0.91439
G1 F2400 X100.2250 Y100.2250 E0.91439
G1 F2100 E-1.00000
G0 F7200 X116.2250 Y116.2250
G1 F2100 E1.00000
G1 F2400 X103.7750 Y116.2250 E0.58231
G1 F2400 X103.7750 Y103.7750 E0.58231
G1 F2400 X116.2250 Y103.7750 E0.58231
G1 F2400 X116.2250 Y116.2250 E0.58231
;TYPE:Perimeter
;WIDTH:0.4500
G1 F2100 E-1.00000
G0 F7200 X100.6750 Y100.6750
G1 F2100 E1.00000
G1 F2400 X100.6750 Y119.3250 E0.87230
G1 F2400 X119.3250 Y119.3250 E0.87230
G1 F2400 X119.3250 Y100.6750 E0.87230
G1 F2400 X100.6750 Y100.6750 E0.87230
G1 F2100 E-1.00000
G0 F7200 X116.6750 Y116.6750
G1 F2100 E1.00000
G1 F2400 X103.3250 Y116.6750 E0.62441
G1 F2400 X103.3250 Y103.3250 E0.62441
G1 F2400 X116.6750 Y103.3250 E0.62441
G1 F2400 X116.6750 Y116.6750 E0.62441
G1 F2100 E-1.00000
G0 F7200 X101.1250 Y101.1250
G1 F2100 E1.00000
G1 F2400 X101.1250 Y118.8750 E0.83020
G1 F2400 X118.8750 Y118.8750 E0.83020
G1 F2400 X118.8750 Y101.1250 E0.83020
G1 F2400 X101.1250 Y101.1250 E0.83020
G1 F2100 E-1.00000
G0 F7200 X117.1250 Y117.1250
G1 F2100 E1.00000
G1 F2400 X102.8750 Y117.1250 E0.66650
G1 F2400 X102.8750 Y102.8750 E0.66650
G1 F2400 X117.1250 Y102.8750 E0.66650
G1 F2400 X117.1250 Y117.1250 E0.66650
;TYPE:Internal infill
;WIDTH:0.4500
G1 F2100 E-1.00000
G0 F7200 X118.6500 Y117.2850
G1 F2100 E1.00000
G1 F2400 X118.4618 Y117.4027 E0.01038
G1 F2400 X117.8968 Y117.5437 E0.02724
G1 F2400 X117.2819 Y117.6349 E0.02908
G1 F2400 X116.7168 Y117.7760 E0.02724
G1 F2400 X116.2824 Y118.0477 E0.02397
G1 F2400 X116.0096 Y118.4811 E0.02395
G1 F2400 X115.9672 Y118.6500 E0.00815
G1 F2100 E-1.00000
G0 F7200 X113.6834 Y117.3500
G1 F2100 E1.00000
G1 F2400 X113.6553 Y117.5390 E0.00894
G1 F2400 X113.5149 Y118.1047 E0.02726
G1 F2400 X113.2443 Y118.5402 E0.02398
G1 F2400 X113.0711 Y118.6500 E0.00959
G1 F2100 E-1.00000
G0 F7200 X108.5001 Y117.3500
G1 F2100 E1.00000
G1 F2400 X108.2342 Y117.7669 E0.02313
G1 F2400 X108.0911 Y118.3299 E0.02717
G1 F2400 X108.0436 Y118.6500 E0.01514
G1 F2100 E-1.00000
G0 F7200 X105.7494 Y117.3500
G1 F2100 E1.00000
G1 F2400 X105.7395 Y117.3905 E0.00195
G1 F2400 X105.4710 Y117.8282 E0.02401
G1 F2400 X105.0410 Y118.1042 E0.02390
G1 F2400 X104.4787 Y118.2480 E0.02715
G1 F2400 X103.8638 Y118.3393 E0.02907
G1 F2400 X103.2961 Y118.4777 E0.02733
G1 F2400 X103.0133 Y118.6500 E0.01549
G1 F2100 E-1.00000
G0 F7200 X102.6500 Y116.0519
G1 F2100 E1.00000
G1 F2400 X102.3573 Y116.1267 E0.01413
G1 F2400 X101.7425 Y116.2180 E0.02907
G1 F2400 X101.3500 Y116.3137 E0.01889
G1 F2100 E-1.00000
G0 F7200 X101.3500 Y113.3872
G1 F2100 E1.00000
G1 F2400 X101.4968 Y113.1479 E0.01314
G1 F2400 X101.6359 Y112.5808 E0.02731
G1 F2400 X101.7271 Y111.9659 E0.02907
G1 F2400 X101.8703 Y111.4029 E0.02717
G1 F2400 X102.1452 Y110.9718 E0.02392
G1 F2400 X102.5818 Y110.7022 E0.02400
G1 F2400 X102.6500 Y110.6854 E0.00328
G1 F2100 E-1.00000
G0 F7200 X101.3500 Y108.3932
G1 F2100 E1.00000
G1 F2400 X101.6418 Y108.3500 E0.01380
G1 F2400 X102.2055 Y108.2075 E0.02719
G1 F2400 X102.6377 Y107.9336 E0.02393
G1 F2400 X102.6500 Y107.9139 E0.00109
G1 F2100 E-1.00000
G0 F7200 X101.3500 Y103.3306
G1 F2100 E1.00000
G1 F2400 X101.4332 Y103.1985 E0.00730
G1 F2400 X101.8676 Y102.9268 E0.02397
G1 F2400 X102.4326 Y102.7857 E0.02724
G1 F2400 X102.6500 Y102.7535 E0.01028
G1 F2100 E-1.00000
G0 F7200 X103.2258 Y102.6500
G1 F2100 E1.00000
G1 F2400 X103.6126 Y102.5534 E0.01865
G1 F2400 X104.0470 Y102.2817 E0.02397
G1 F2400 X104.3198 Y101.8484 E0.02395
G1 F2400 X104.4450 Y101.3500 E0.02403
G1 F2100 E-1.00000
G0 F7200 X106.7089 Y102.6500
G1 F2100 E1.00000
G1 F2400 X106.8145 Y102.2247 E0.02050
G1 F2400 X107.0851 Y101.7892 E0.02398
G1 F2400 X107.5174 Y101.5153 E0.02393
G1 F2400 X108.0810 Y101.3729 E0.02719
G1 F2400 X108.2353 Y101.3500 E0.00729
G1 F2100 E-1.00000
G0 F7200 X112.0395 Y102.6500
G1 F2100 E1.00000
G1 F2400 X112.0952 Y102.5626 E0.00485
G1 F2400 X112.2383 Y101.9996 E0.02717
G1 F2400 X112.3296 Y101.3847 E0.02907
G1 F2400 X112.3381 Y101.3500 E0.00167
G1 F2100 E-1.00000
G0 F7200 X114.7672 Y102.6500
G1 F2100 E1.00000
G1 F2400 X114.8584 Y102.5013 E0.00816
G1 F2400 X115.2885 Y102.2252 E0.02390
G1 F2400 X115.8508 Y102.0814 E0.02715
G1 F2400 X116.4657 Y101.9902 E0.02907
G1 F2400 X117.0334 Y101.8517 E0.02733
G1 F2400 X117.4721 Y101.5844 E0.02403
G1 F2400 X117.6236 Y101.3500 E0.01305
G1 F2100 E-1.00000
G0 F7200 X118.6500 Y104.0961
G1 F2100 E1.00000
G1 F2400 X118.5870 Y104.1115 E0.00303
G1 F2400 X117.9721 Y104.2027 E0.02907
G1 F2400 X117.4098 Y104.3465 E0.02715
G1 F2400 X117.3500 Y104.3849 E0.00332
G1 F2100 E-1.00000
G0 F7200 X118.6500 Y108.0420
G1 F2100 E1.00000
G1 F2400 X118.6023 Y108.3635 E0.01520
G1 F2400 X118.4592 Y108.9265 E0.02717
G1 F2400 X118.1842 Y109.3577 E0.02392
G1 F2400 X117.7476 Y109.6272 E0.02400
G1 F2400 X117.3500 Y109.7253 E0.01915
G1 F2100 E-1.00000
G0 F7200 X118.6500 Y111.9890
G1 F2100 E1.00000
G1 F2400 X118.1240 Y112.1219 E0.02538
G1 F2400 X117.6917 Y112.3958 E0.02393
G1 F2400 X117.4211 Y112.8313 E0.02398
G1 F2400 X117.3500 Y113.1178 E0.01381
;LAYER_CHANGE
;Z:8.250
;HEIGHT:0.250
; LAYER:32
G1 F7200 Z8.2500
;TYPE:External perimeter
;WIDTH:0.4500
G1 F2100 E-1.00000
G0 F7200 X100.2250 Y100.2250
G1 F2100 E1.00000
G1 F2400 X100.2250 Y119.7750 E0.91439
G1 F2400 X119.7750 Y119.7750 E0.91439
G1 F2400 X119.7750 Y100.2250 E0.91439
G1 F2400 X100.2250 Y100.2250 E0.91439
G1 F2100 E-1.00000
G0 F7200 X116.2250 Y116.2250
G1 F2100 E1.00000
G1 F2400 X103.7750 Y116.2250 E0.58231
G1 F2400 X103.7750 Y103.7750 E0.58231
G1 F2400 X116.2250 Y103.7750 E0.58231
G1 F2400 X116.2250 Y116.2250 E0.58231
;TYPE:Perimeter
;WIDTH:0.4500
G1 F2100 E-1.00000
G0 F7200 X100.6750 Y100.6750
G1 F2100 E1.00000
G1 F2400 X100.6750 Y119.3250 E0.87230
G1 F2400 X119.3250 Y119.3250 E0.87230
G1 F2400 X119.3250 Y100.6750 E0.87230
G1 F2400 X100.6750 Y100.6750 E0.87230
G1 F2100 E-1.00000
G0 F7200 X116.6750 Y116.6750
G1 F2100 E1.00000
G1 F2400 X103.3250 Y116.6750 E0.62441
G1 F2400 X103.3250 Y103.3250 E0.62441
G1 F2400 X116.6750 Y103.3250 E0.62441
G1 F2400 X116.6750 Y116.6750 E0.62441
G1 F2100 E-1.00000
G0 F7200 X101.1250 Y101.1250
G1 F2100 E1.00000
G1 F2400 X101.1250 Y118.8750 E0.83020
G1 F2400 X118.8750 Y118.8750 E0.83020
G1 F2400 X118.8750 Y101.1250 E0.83020
G1 F2400 X101.1250 Y101.1250 E0.83020
G1 F2100 E-1.00000
G0 F7200 X117.1250 Y117.1250
G1 F2100 E1.00000
G1 F2400 X102.8750 Y117.1250 E0.66650
G1 F2400 X102.8750 Y102.8750 E0.66650
G1 F2400 X117.1250 Y102.8750 E0.66650
G1 F2400 X117.1250 Y117.1250 E0.66650
;TYPE:Internal infill
;WIDTH:0.4500
G1 F2100 E-1.00000
G0 F7200 X116.0519 Y117.3500
G1 F2100 E1.00000
G1 F2400 X116.1267 Y117.6427 E0.01413
G1 F2400 X116.2180 Y118.2575 E0.02907
G1 F2400 X116.3137 Y118.6500 E0.01889
G1 F2100 E-1.00000
G0 F7200 X118.6500 Y116.9867
G1 F2100 E1.00000
G1 F2400 X118.4777 Y116.7039 E0.01549
G1 F2400 X118.3393 Y116.1362 E0.02733
G1 F2400 X118.2480 Y115.5213 E0.02907
G1 F2400 X118.1042 Y114.9590 E0.02715
G1 F2400 X117.8282 Y114.5290 E0.02390
G1 F2400 X117.3905 Y114.2605 E0.02401
G1 F2400 X117.3500 Y114.2506 E0.00195
G1 F2100 E-1.00000
G0 F7200 X118.6500 Y111.9564
G1 F2100 E1.00000
G1 F2400 X118.3299 Y111.9089 E0.01514
G1 F2400 X117.7669 Y111.7658 E0.02717
G1 F2400 X117.3500 Y111.4999 E0.02313
G1 F2100 E-1.00000
G0 F7200 X118.6500 Y106.9289
G1 F2100 E1.00000
G1 F2400 X118.5402 Y106.7557 E0.00959
G1 F2400 X118.1047 Y106.4851 E0.02398
G1 F2400 X117.5390 Y106.3447 E0.02726
G1 F2400 X117.3500 Y106.3166 E0.00894
G1 F2100 E-1.00000
G0 F7200 X118.6500 Y104.0328
G1 F2100 E1.00000
G1 F2400 X118.4811 Y103.9904 E0.00815
G1 F2400 X118.0477 Y103.7176 E0.02395
G1 F2400 X117.7760 Y103.2832 E0.02397
G1 F2400 X117.6349 Y102.7181 E0.02724
G1 F2400 X117.5437 Y102.1032 E0.02908
G1 F2400 X117.4027 Y101.5382 E0.02724
G1 F2400 X117.2850 Y101.3500 E0.01038
G1 F2100 E-1.00000
G0 F7200 X113.1178 Y102.6500
G1 F2100 E1.00000
G1 F2400 X112.8313 Y102.5789 E0.01381
G1 F2400 X112.3958 Y102.3083 E0.02398
G1 F2400 X112.1219 Y101.8760 E0.02393
G1 F2400 X111.9890 Y101.3500 E0.02538
G1 F2100 E-1.00000
G0 F7200 X109.7253 Y102.6500
G1 F2100 E1.00000
G1 F2400 X109.6272 Y102.2524 E0.01915
G1 F2400 X109.3577 Y101.8158 E0.02400
G1 F2400 X108.9265 Y101.5408 E0.02392
G1 F2400 X108.3635 Y101.3977 E0.02717
G1 F2400 X108.0420 Y101.3500 E0.01520
G1 F2100 E-1.00000
G0 F7200 X104.3849 Y102.6500
G1 F2100 E1.00000
G1 F2400 X104.3465 Y102.5902 E0.00332
G1 F2400 X104.2027 Y102.0279 E0.02715
G1 F2400 X104.1115 Y101.4130 E0.02907
G1 F2400 X104.0961 Y101.3500 E0.00303
G1 F2100 E-1.00000
G0 F7200 X101.3500 Y102.3764
G1 F2100 E1.00000
G1 F2400 X101.5844 Y102.5279 E0.01305
G1 F2400 X101.8517 Y102.9666 E0.02403
G1 F2400 X101.9902 Y103.5343 E0.02733
G1 F2400 X102.0814 Y104.1492 E0.02907
G1 F2400 X102.2252 Y104.7115 E0.02715
G1 F2400 X102.5013 Y105.1416 E0.02390
G1 F2400 X102.6500 Y105.2328 E0.00816
G1 F2100 E-1.00000
G0 F7200 X102.6500 Y107.9605
G1 F2100 E1.00000
G1 F2400 X102.5626 Y107.9048 E0.00485
G1 F2400 X101.9996 Y107.7617 E0.02717
G1 F2400 X101.3847 Y107.6704 E0.02907
G1 F2400 X101.3500 Y107.6619 E0.00167
G1 F2100 E-1.00000
G0 F7200 X101.3500 Y111.7647
G1 F2100 E1.00000
G1 F2400 X101.3729 Y111.9190 E0.00729
G1 F2400 X101.5153 Y112.4826 E0.02719
G1 F2400 X101.7892 Y112.9149 E0.02393
G1 F2400 X102.2247 Y113.1855 E0.02398
G1 F2400 X102.6500 Y113.2911 E0.02050
G1 F2100 E-1.00000
G0 F7200 X101.3500 Y115.5550
G1 F2100 E1.00000
G1 F2400 X101.8484 Y115.6802 E0.02403
G1 F2400 X102.2817 Y115.9530 E0.02395
G1 F2400 X102.5534 Y116.3874 E0.02397
G1 F2400 X102.6500 Y116.7742 E0.01865
G1 F2100 E-1.00000
G0 F7200 X102.7535 Y117.3500
G1 F2100 E1.00000
G1 F2400 X102.7857 Y117.5674 E0.01028
G1 F2400 X102.9268 Y118.1324 E0.02724
G1 F2400 X103.1985 Y118.5668 E0.02397
G1 F2400 X103.3306 Y118.6500 E0.00730
G1 F2100 E-1.00000
G0 F7200 X107.9139 Y117.3500
G1 F2100 E1.00000
G1 F2400 X107.9336 Y117.3623 E0.00109
G1 F2400 X108.2075 Y117.7945 E0.02393
G1 F2400 X108.3500 Y118.3582 E0.02719
G1 F2400 X108.3932 Y118.6500 E0.01380
G1 F2100 E-1.00000
G0 F7200 X110.6854 Y117.3500
G1 F2100 E1.00000
G1 F2400 X110.7022 Y117.4182 E0.00328
G1 F2400 X110.9718 Y117.8548 E0.02400
G1 F2400 X111.4029 Y118.1297 E0.02392
G1 F2400 X111.9659 Y118.2729 E0.02717
G1 F2400 X112.5808 Y118.3641 E0.02907
G1 F2400 X113.1479 Y118.5032 E0.02731
G1 F2400 X113.3872 Y118.6500 E0.01314
;LAYER_CHANGE
;Z:8.500
;HEIGHT:0.250
; LAYER:33
G1 F7200 Z8.5000
;TYPE:External perimeter
;WIDTH:0.4500
G1 F2100 E-1.00000
G0 F7200 X100.2250 Y100.2250
G1 F2100 E1.00000
G1 F2400 X100.2250 Y119.7750 E0.91439
G1 F2400 X119.7750 Y119.7750 E0.91439
G1 F2400 X119.7750 Y100.2250 E0.91439
G1 F2400 X100.2250 Y100.2250 E0.91439
G1 F2100 E-1.00000
G0 F7200 X116.2250 Y116.2250
G1 F2100 E1.00000
G1 F2400 X103.7750 Y116.2250 E0.58231
G1 F2400 X103.7750 Y103.7750 E0.58231
G1 F2400 X116.2250 Y103.7750 E0.58231
G1 F2400 X116.2250 Y116.2250 E0.58231
;TYPE:Perimeter
;WIDTH:0.4500
G1 F2100 E-1.00000
G0 F7200 X100.6750 Y100.6750
G1 F2100 E1.00000
G1 F2400 X100.6750 Y119.3250 E0.87230
G1 F2400 X119.3250 Y119.3250 E0.87230
G1 F2400 X119.3250 Y100.6750 E0.87230
G1 F2400 X100.6750 Y100.6750 E0.87230
G1 F2100 E-1.00000
G0 F7200 X116.6750 Y116.6750
G1 F2100 E1.00000
G1 F2400 X103.3250 Y116.6750 E0.62441
G1 F2400 X103.3250 Y103.3250 E0.62441
G1 F2400 X116.6750 Y103.3250 E0.62441
G1 F2400 X116.6750 Y116.6750 E0.62441
G1 F2100 E-1.00000
G0 F7200 X101.1250 Y101.1250
G1 F2100 E1.00000
G1 F2400 X101.1250 Y118.8750 E0.83020
G1 F2400 X118.8750 Y118.8750 E0.83020
G1 F2400 X118.8750 Y101.1250 E0.83020
G1 F2400 X101.1250 Y101.1250 E0.83020
G1 F2100 E-1.00000
G0 F7200 X117.1250 Y117.1250
G1 F2100 E1.00000
G1 F2400 X102.8750 Y117.1250 E0.66650
G1 F2400 X102.8750 Y102.8750 E0.66650
G1 F2400 X117.1250 Y102.8750 E0.66650
G1 F2400 X117.1250 Y117.1250 E0.66650
;TYPE:Internal infill
;WIDTH:0.4500
G1 F2100 E-1.00000
G0 F7200 X118.6500 Y117.2850
G1 F2100 E1.00000
G1 F2400 X118.4618 Y117.4027 E0.01038
G1 F2400 X117.8968 Y117.5437 E0.02724
G1 F2400 X117.2819 Y117.6349 E0.02908
G1 F2400 X116.7168 Y117.7760 E0.02724
G1 F2400 X116.2824 Y118.0477 E0.02397
G1 F2400 X116.0096 Y118.4811 E0.02395
G1 F2400 X115.9672 Y118.6500 E0.00815
G1 F2100 E-1.00000
G0 F7200 X113.6834 Y117.3500
G1 F2100 E1.00000
G1 F2400 X113.6553 Y117.5390 E0.00894
G1 F2400 X113.5149 Y118.1047 E0.02726
G1 F2400 X113.2443 Y118.5402 E0.02398
G1 F2400 X113.0711 Y118.6500 E0.00959
G1 F2100 E-1.00000
G0 F7200 X108.5001 Y117.3500
G1 F2100 E1.00000
G1 F2400 X108.2342 Y117.7669 E0.02313
G1 F2400 X108.0911 Y118.3299 E0.02717
G1 F2400 X108.0436 Y118.6500 E0.01514
G1 F2100 E-1.00000
G0 F7200 X105.7494 Y117.3500
G1 F2100 E1.00000
G1 F2400 X105.7395 Y117.3905 E0.00195
G1 F2400 X105.4710 Y117.8282 E0.02401
G1 F2400 X105.0410 Y118.1042 E0.02390
G1 F2400 X104.4787 Y118.2480 E0.02715
G1 F2400 X103.8638 Y118.3393 E0.02907
G1 F2400 X103.2961 Y118.4777 E0.02733
G1 F2400 X103.0133 Y118.6500 E0.01549
G1 F2100 E-1.00000
G0 F7200 X102.6500 Y116.0519
G1 F2100 E1.00000
G1 F2400 X102.3573 Y116.1267 E0.01413
G1 F2400 X101.7425 Y116.2180 E0.02907
G1 F2400 X101.3500 Y116.3137 E0.01889
G1 F2100 E-1.00000
G0 F7200 X101.3500 Y113.3872
G1 F2100 E1.00000
G1 F2400 X101.4968 Y113.1479 E0.01314
G1 F2400 X101.6359 Y112.5808 E0.02731
G1 F2400 X101.7271 Y111.9659 E0.02907
G1 F2400 X101.8703 Y111.4029 E0.02717
G1 F2400 X102.1452 Y110.9718 E0.02392
G1 F2400 X102.5818 Y110.7022 E0.02400
G1 F2400 X102.6500 Y110.6854 E0.00328
G1 F2100 E-1.00000
G0 F7200 X101.3500 Y108.3932
G1 F2100 E1.00000
G1 F2400 X101.6418 Y108.3500 E0.01380
G1 F2400 X102.2055 Y108.2075 E0.02719
G1 F2400 X102.6377 Y107.9336 E0.02393
G1 F2400 X102.6500 Y107.9139 E0.00109
G1 F2100 E-1.00000
G0 F7200 X101.3500 Y103.3306
G1 F2100 E1.00000
G1 F2400 X101.4332 Y103.1985 E0.00730
G1 F2400 X101.8676 Y102.9268 E0.02397
G1 F2400 X102.4326 Y102.7857 E0.02724
G1 F2400 X102.6500 Y102.7535 E0.01028
G1 F2100 E-1.00000
G0 F7200 X103.2258 Y102.6500
G1 F2100 E1.00000
G1 F2400 X103.6126 Y102.5534 E0.01865
G1 F2400 X104.0470 Y102.2817 E0.02397
G1 F2400 X104.3198 Y101.8484 E0.02395
G1 F2400 X104.4450 Y101.3500 E0.02403
G1 F2100 E-1.00000
G0 F7200 X106.7089 Y102.6500
G1 F2100 E1.00000
G1 F2400 X106.8145 Y102.2247 E0.02050
G1 F2400 X107.0851 Y101.7892 E0.02398
G1 F2400 X107.5174 Y101.5153 E0.02393
G1 F2400 X108.0810 Y101.3729 E0.02719
G1 F2400 X108.2353 Y101.3500 E0.00729
G1 F2100 E-1.00000
G0 F7200 X112.0395 Y102.6500
G1 F2100 E1.00000
G1 F2400 X112.0952 Y102.5626 E0.00485
G1 F2400 X112.2383 Y101.9996 E0.02717
G1 F2400 X112.3296 Y101.3847 E0.02907
G1 F2400 X112.3381 Y101.3500 E0.00167
G1 F2100 E-1.00000
G0 F7200 X114.7672 Y102.6500
G1 F2100 E1.00000
G1 F2400 X114.8584 Y102.5013 E0.00816
G1 F2400 X115.2885 Y102.2252 E0.02390
G1 F2400 X115.8508 Y102.0814 E0.02715
G1 F2400 X116.4657 Y101.9902 E0.02907
G1 F2400 X117.0334 Y101.8517 E0.02733
G1 F2400 X117.4721 Y101.5844 E0.02403
G1 F2400 X117.6236 Y101.3500 E0.01305
G1 F2100 E-1.00000
G0 F7200 X118.6500 Y104.0961
G1 F2100 E1.00000
G1 F2400 X118.5870 Y104.1115 E0.00303
G1 F2400 X117.9721 Y104.2027 E0.02907
G1 F2400 X117.4098 Y104.3465 E0.02715
G1 F2400 X117.3500 Y104.3849 E0.00332
G1 F2100 E-1.00000
G0 F7200 X118.6500 Y108.0420
G1 F2100 E1.00000
G1 F2400 X118.6023 Y108.3635 E0.01520
G1 F2400 X118.4592 Y108.9265 E0.02717
G1 F2400 X118.1842 Y109.3577 E0.02392
G1 F2400 X117.7476 Y109.6272 E0.02400
G1 F2400 X117.3500 Y109.7253 E0.01915
G1 F2100 E-1.00000
G0 F7200 X118.6500 Y111.9890
G1 F2100 E1.00000
G1 F2400 X118.1240 Y112.1219 E0.02538
G1 F2400 X117.6917 Y112.3958 E0.02393
G1 F2400 X117.4211 Y112.8313 E0.02398
G1 F2400 X117.3500 Y113.1178 E0.01381
;LAYER_CHANGE
;Z:8.750
;HEIGHT:0.250
; LAYER:34
G1 F7200 Z8.7500
;TYPE:External perimeter
;WIDTH:0.4500
G1 F2100 E-1.00000
G0 F7200 X100.2250 Y100.2250
G1 F2100 E1.00000
G1 F2400 X100.2250 Y119.7750 E0.91439
G1 F2400 X119.7750 Y119.7750 E0.91439
G1 F2400 X119.7750 Y100.2250 E0.91439
G1 F2400 X100.2250 Y100.2250 E0.91439
G1 F2100 E-1.00000
G0 F7200 X116.2250 Y116.2250
G1 F2100 E1.00000
G1 F2400 X103.7750 Y116.2250 E0.58231
G1 F2400 X103.7750 Y103.7750 E0.58231
G1 F2400 X116.2250 Y103.7750 E0.58231
G1 F2400 X116.2250 Y116.2250 E0.58231
;TYPE:Perimeter
;WIDTH:0.4500
G1 F2100 E-1.00000
G0 F7200 X100.6750 Y100.6750
G1 F2100 E1.00000
G1 F2400 X100.6750 Y119.3250 E0.87230
G1 F2400 X119.3250 Y119.3250 E0.87230
G1 F2400 X119.3250 Y100.6750 E0.87230
G1 F2400 X100.6750 Y100.6750 E0.87230
G1 F2100 E-1.00000
G0 F7200 X116.6750 Y116.6750
G1 F2100 E1.00000
G1 F2400 X103.3250 Y116.6750 E0.62441
G1 F2400 X103.3250 Y103.3250 E0.62441
G1 F2400 X116.6750 Y103.3250 E0.62441
G1 F2400 X116.6750 Y116.6750 E0.62441
G1 F2100 E-1.00000
G0 F7200 X101.1250 Y101.1250
G1 F2100 E1.00000
G1 F2400 X101.1250 Y118.8750 E0.83020
G1 F2400 X118.8750 Y118.8750 E0.83020
G1 F2400 X118.8750 Y101.1250 E0.83020
G1 F2400 X101.1250 Y101.1250 E0.83020
G1 F2100 E-1.00000
G0 F7200 X117.1250 Y117.1250
G1 F2100 E1.00000
G1 F2400 X102.8750 Y117.1250 E0.66650
G1 F2400 X102.8750 Y102.8750 E0.66650
G1 F2400 X117.1250 Y102.8750 E0.66650
G1 F2400 X117.1250 Y117.1250 E0.66650
;TYPE:Internal infill
;WIDTH:0.4500
G1 F2100 E-1.00000
G0 F7200 X116.0519 Y117.3500
G1 F2100 E1.00000
G1 F2400 X116.1267 Y117.6427 E0.01413
G1 F2400 X116.2180 Y118.2575 E0.02907
G1 F2400 X116.3137 Y118.6500 E0.01889
G1 F2100 E-1.00000
G0 F7200 X118.6500 Y116.9867
G1 F2100 E1.00000
G1 F2400 X118.4777 Y116.7039 E0.01549
G1 F2400 X118.3393 Y116.1362 E0.02733
G1 F2400 X118.2480 Y115.5213 E0.02907
G1 F2400 X118.1042 Y114.9590 E0.02715
G1 F2400 X117.8282 Y114.5290 E0.02390
G1 F2400 X117.3905 Y114.2605 E0.02401
G1 F2400 X117.3500 Y114.2506 E0.00195
G1 F2100 E-1.00000
G0 F7200 X118.6500 Y111.9564
G1 F2100 E1.00000
G1 F2400 X118.3299 Y111.9089 E0.01514
G1 F2400 X117.7669 Y111.7658 E0.02717
G1 F2400 X117.3500 Y111.4999 E0.02313
G1 F2100 E-1.00000
G0 F7200 X118.6500 Y106.9289
G1 F2100 E1.00000
G1 F2400 X118.5402 Y106.7557 E0.00959
G1 F2400 X118.1047 Y106.4851 E0.02398
G1 F2400 X117.5390 Y106.3447 E0.02726
G1 F2400 X117.3500 Y106.3166 E0.00894
G1 F2100 E-1.00000
G0 F7200 X118.6500 Y104.0328
G1 F2100 E1.00000
G1 F2400 X118.4811 Y103.9904 E0.00815
G1 F2400 X118.0477 Y103.7176 E0.02395
G1 F2400 X117.7760 Y103.2832 E0.02397
G1 F2400 X117.6349 Y102.7181 E0.02724
G1 F2400 X117.5437 Y102.1032 E0.02908
G1 F2400 X117.4027 Y101.5382 E0.02724
G1 F2400 X117.2850 Y101.3500 E0.01038
G1 F2100 E-1.00000
G0 F7200 X113.1178 Y102.6500
G1 F2100 E1.00000
G1 F2400 X112.8313 Y102.5789 E0.01381
G1 F2400 X112.3958 Y102.3083 E0.02398
G1 F2400 X112.1219 Y101.8760 E0.02393
G1 F2400 X111.9890 Y101.3500 E0.02538
G1 F2100 E-1.00000
G0 F7200 X109.7253 Y102.6500
G1 F2100 E1.00000
G1 F2400 X109.6272 Y102.2524 E0.01915
G1 F2400 X109.3577 Y101.8158 E0.02400
G1 F2400 X108.9265 Y101.5408 E0.02392
G1 F2400 X108.3635 Y101.3977 E0.02717
G1 F2400 X108.0420 Y101.3500 E0.01520
G1 F2100 E-1.00000
G0 F7200 X104.3849 Y102.6500
G1 F2100 E1.00000
G1 F2400 X104.3465 Y102.5902 E0.00332
G1 F2400 X104.2027 Y102.0279 E0.02715
G1 F2400 X104.1115 Y101.4130 E0.02907
G1 F2400 X104.0961 Y101.3500 E0.00303
G1 F2100 E-1.00000
G0 F7200 X101.3500 Y102.3764
G1 F2100 E1.00000
G1 F2400 X101.5844 Y102.5279 E0.01305
G1 F2400 X101.8517 Y102.9666 E0.02403
G1 F2400 X101.9902 Y103.5343 E0.02733
G1 F2400 X102.0814 Y104.1492 E0.02907
G1 F2400 X102.2252 Y104.7115 E0.02715
G1 F2400 X102.5013 Y105.1416 E0.02390
G1 F2400 X102.6500 Y105.2328 E0.00816
G1 F2100 E-1.00000
G0 F7200 X102.6500 Y107.9605
G1 F2100 E1.00000
G1 F2400 X102.5626 Y107.9048 E0.00485
G1 F2400 X101.9996 Y107.7617 E0.02717
G1 F2400 X101.3847 Y107.6704 E0.02907
G1 F2400 X101.3500 Y107.6619 E0.00167
G1 F2100 E-1.00000
G0 F7200 X101.3500 Y111.7647
G1 F2100 E1.00000
G1 F2400 X101.3729 Y111.9190 E0.00729
G1 F2400 X101.5153 Y112.4826 E0.02719
G1 F2400 X101.7892 Y112.9149 E0.02393
G1 F2400 X102.2247 Y113.1855 E0.02398
G1 F2400 X102.6500 Y113.2911 E0.02050
G1 F2100 E-1.00000
G0 F7200 X101.3500 Y115.5550
G1 F2100 E1.00000
G1 F2400 X101.8484 Y115.6802 E0.02403
G1 F2400 X102.2817 Y115.9530 E0.02395
G1 F2400 X102.5534 Y116.3874 E0.02397
G1 F2400 X102.6500 Y116.7742 E0.01865
G1 F2100 E-1.00000
G0 F7200 X102.7535 Y117.3500
G1 F2100 E1.00000
G1 F2400 X102.7857 Y117.5674 E0.01028
G1 F2400 X102.9268 Y118.1324 E0.02724
G1 F2400 X103.1985 Y118.5668 E0.02397
G1 F2400 X103.3306 Y118.6500 E0.00730
G1 F2100 E-1.00000
G0 F7200 X107.9139 Y117.3500
G1 F2100 E1.00000
G1 F2400 X107.9336 Y117.3623 E0.00109
G1 F2400 X108.2075 Y117.7945 E0.02393
G1 F2400 X108.3500 Y118.3582 E0.02719
G1 F2400 X108.3932 Y118.6500 E0.01380
G1 F2100 E-1.00000
G0 F7200 X110.6854 Y117.3500
G1 F2100 E1.00000
G1 F2400 X110.7022 Y117.4182 E0.00328
G1 F2400 X110.9718 Y117.8548 E0.02400
G1 F2400 X111.4029 Y118.1297 E0.02392
G1 F2400 X111.9659 Y118.2729 E0.02717
G1 F2400 X112.5808 Y118.3641 E0.02907
G1 F2400 X113.1479 Y118.5032 E0.02731
G1 F2400 X113.3872 Y118.6500 E0.01314
;LAYER_CHANGE
;Z:9.000
;HEIGHT:0.250
; LAYER:35
G1 F7200 Z9.0000
;TYPE:External perimeter
;WIDTH:0.4500
G1 F2100 E-1.00000
G0 F7200 X100.2250 Y100.2250
G1 F2100 E1.00000
G1 F2400 X100.2250 Y119.7750 E0.91439
G1 F2400 X119.7750 Y119.7750 E0.91439
G1 F2400 X119.7750 Y100.2250 E0.91439
G1 F2400 X100.2250 Y100.2250 E0.91439
G1 F2100 E-1.00000
G0 F7200 X116.2250 Y116.2250
G1 F2100 E1.00000
G1 F2400 X103.7750 Y116.2250 E0.58231
G1 F2400 X103.7750 Y103.7750 E0.58231
G1 F2400 X116.2250 Y103.7750 E0.58231
G1 F2400 X116.2250 Y116.2250 E0.58231
;TYPE:Perimeter
;WIDTH:0.4500
G1 F2100 E-1.00000
G0 F7200 X100.6750 Y100.6750
G1 F2100 E1.00000
G1 F2400 X100.6750 Y119.3250 E0.87230
G1 F2400 X119.3250 Y119.3250 E0.87230
G1 F2400 X119.3250 Y100.6750 E0.87230
G1 F2400 X100.6750 Y100.6750 E0.87230
G1 F2100 E-1.00000
G0 F7200 X116.6750 Y116.6750
G1 F2100 E1.00000
G1 F2400 X103.3250 Y116.6750 E0.62441
G1 F2400 X103.3250 Y103.3250 E0.62441
G1 F2400 X116.6750 Y103.3250 E0.62441
G1 F2400 X116.6750 Y116.6750 E0.62441
G1 F2100 E-1.00000
G0 F7200 X101.1250 Y101.1250
G1 F2100 E1.00000
G1 F2400 X101.1250 Y118.8750 E0.83020
G1 F2400 X118.8750 Y118.8750 E0.83020
G1 F2400 X118.8750 Y101.1250 E0.83020
G1 F2400 X101.1250 Y101.1250 E0.83020
G1 F2100 E-1.00000
G0 F7200 X117.1250 Y117.1250
G1 F2100 E1.00000
G1 F2400 X102.8750 Y117.1250 E0.66650
G1 F2400 X102.8750 Y102.8750 E0.66650
G1 F2400 X117.1250 Y102.8750 E0.66650
G1 F2400 X117.1250 Y117.1250 E0.66650
;TYPE:Internal infill
;WIDTH:0.4500
G1 F2100 E-1.00000
G0 F7200 X118.6500 Y117.2850
G1 F2100 E1.00000
G1 F2400 X118.4618 Y117.4027 E0.01038
G1 F2400 X117.8968 Y117.5437 E0.02724
G1 F2400 X117.2819 Y117.6349 E0.02908
G1 F2400 X116.7168 Y117.7760 E0.02724
G1 F2400 X116.2824 Y118.0477 E0.02397
G1 F2400 X116.0096 Y118.4811 E0.02395
G1 F2400 X115.9672 Y118.6500 E0.00815
G1 F2100 E-1.00000
G0 F7200 X113.6834 Y117.3500
G1 F2100 E1.00000
G1 F2400 X113.6553 Y117.5390 E0.00894
G1 F2400 X113.5149 Y118.1047 E0.02726
G1 F2400 X113.2443 Y118.5402 E0.02398
G1 F2400 X113.0711 Y118.6500 E0.00959
G1 F2100 E-1.00000
G0 F7200 X108.5001 Y117.3500
G1 F2100 E1.00000
G1 F2400 X108.2342 Y117.7669 E0.02313
G1 F2400 X108.0911 Y118.3299 E0.02717
G1 F2400 X108.0436 Y118.6500 E0.01514
G1 F2100 E-1.00000
G0 F7200 X105.7494 Y117.3500
G1 F2100 E1.00000
G1 F2400 X105.7395 Y117.3905 E0.00195
G1 F2400 X105.4710 Y117.8282 E0.02401
G1 F2400 X105.0410 Y118.1042 E0.02390
G1 F2400 X104.4787 Y118.2480 E0.02715
G1 F2400 X103.8638 Y118.3393 E0.02907
G1 F2400 X103.2961 Y118.4777 E0.02733
G1 F2400 X103.0133 Y118.6500 E0.01549
G1 F2100 E-1.00000
G0 F7200 X102.6500 Y116.0519
G1 F2100 E1.00000
G1 F2400 X102.3573 Y116.1267 E0.01413
G1 F2400 X101.7425 Y116.2180 E0.02907
G1 F2400 X101.3500 Y116.3137 E0.01889
G1 F2100 E-1.00000
G0 F7200 X101.3500 Y113.3872
G1 F2100 E1.00000
G1 F2400 X101.4968 Y113.1479 E0.01314
G1 F2400 X101.6359 Y112.5808 E0.02731
G1 F2400 X101.7271 Y111.9659 E0.02907
G1 F2400 X101.8703 Y111.4029 E0.02717
G1 F2400 X102.1452 Y110.9718 E0.02392
G1 F2400 X102.5818 Y110.7022 E0.02400
G1 F2400 X102.6500 Y110.6854 E0.00328
G1 F2100 E-1.00000
G0 F7200 X101.3500 Y108.3932
G1 F2100 E1.00000
G1 F2400 X101.6418 Y108.3500 E0.01380
G1 F2400 X102.2055 Y108.2075 E0.02719
G1 F2400 X102.6377 Y107.9336 E0.02393
G1 F2400 X102.6500 Y107.9139 E0.00109
G1 F2100 E-1.00000
G0 F7200 X101.3500 Y103.3306
G1 F2100 E1.00000
G1 F2400 X101.4332 Y103.1985 E0.00730
G1 F2400 X101.8676 Y102.9268 E0.02397
G1 F2400 X102.4326 Y102.7857 E0.02724
G1 F2400 X102.6500 Y102.7535 E0.01028
G1 F2100 E-1.00000
G0 F7200 X103.2258 Y102.6500
G1 F2100 E1.00000
G1 F2400 X103.6126 Y102.5534 E0.01865
G1 F2400 X104.0470 Y102.2817 E0.02397
G1 F2400 X104.3198 Y101.8484 E0.02395
G1 F2400 X104.4450 Y101.3500 E0.02403
G1 F2100 E-1.00000
G0 F7200 X106.7089 Y102.6500
G1 F2100 E1.00000
G1 F2400 X106.8145 Y102.2247 E0.02050
G1 F2400 X107.0851 Y101.7892 E0.02398
G1 F2400 X107.5174 Y101.5153 E0.02393
G1 F2400 X108.0810 Y101.3729 E0.02719
G1 F2400 X108.2353 Y101.3500 E0.00729
G1 F2100 E-1.00000
G0 F7200 X112.0395 Y102.6500
G1 F2100 E1.00000
G1 F2400 X112.0952 Y102.5626 E0.00485
G1 F2400 X112.2383 Y101.9996 E0.02717
G1 F2400 X112.3296 Y101.3847 E0.02907
G1 F2400 X112.3381 Y101.3500 E0.00167
G1 F2100 E-1.00000
G0 F7200 X114.7672 Y102.6500
G1 F2100 E1.00000
G1 F2400 X114.8584 Y102.5013 E0.00816
G1 F2400 X115.2885 Y102.2252 E0.02390
G1 F2400 X115.8508 Y102.0814 E0.02715
G1 F2400 X116.4657 Y101.9902 E0.02907
G1 F2400 X117.0334 Y101.8517 E0.02733
G1 F2400 X117.4721 Y101.5844 E0.02403
G1 F2400 X117.6236 Y101.3500 E0.01305
G1 F2100 E-1.00000
G0 F7200 X118.6500 Y104.0961
G1 F2100 E1.00000
G1 F2400 X118.5870 Y104.1115 E0.00303
G1 F2400 X117.9721 Y104.2027 E0.02907
G1 F2400 X117.4098 Y104.3465 E0.02715
G1 F2400 X117.3500 Y104.3849 E0.00332
G1 F2100 E-1.00000
G0 F7200 X118.6500 Y108.0420
G1 F2100 E1.00000
G1 F2400 X118.6023 Y108.3635 E0.01520
G1 F2400 X118.4592 Y108.9265 E0.02717
G1 F2400 X118.1842 Y109.3577 E0.02392
G1 F2400 X117.7476 Y109.6272 E0.02400
G1 F2400 X117.3500 Y109.7253 E0.01915
G1 F2100 E-1.00000
G0 F7200 X118.6500 Y111.9890
G1 F2100 E1.00000
G1 F2400 X118.1240 Y112.1219 E0.02538
G1 F2400 X117.6917 Y112.3958 E0.02393
G1 F2400 X117.4211 Y112.8313 E0.02398
G1 F2400 X117.3500 Y113.1178 E0.01381
;LAYER_CHANGE
;Z:9.250
;HEIGHT:0.250
; LAYER:36
G1 F7200 Z9.2500
;TYPE:External perimeter
;WIDTH:0.4500
G1 F2100 E-1.00000
G0 F7200 X100.2250 Y100.2250
G1 F2100 E1.00000
G1 F2400 X100.2250 Y119.7750 E0.91439
G1 F2400 X119.7750 Y119.7750 E0.91439
G1 F2400 X119.7750 Y100.2250 E0.91439
G1 F2400 X100.2250 Y100.2250 E0.91439
G1 F2100 E-1.00000
G0 F7200 X116.2250 Y116.2250
G1 F2100 E1.00000
G1 F2400 X103.7750 Y116.2250 E0.58231
G1 F2400 X103.7750 Y103.7750 E0.58231
G1 F2400 X116.2250 Y103.7750 E0.58231
G1 F2400 X116.2250 Y116.2250 E0.58231
;TYPE:Perimeter
;WIDTH:0.4500
G1 F2100 E-1.00000
G0 F7200 X100.6750 Y100.6750
G1 F2100 E1.00000
G1 F2400 X100.6750 Y119.3250 E0.87230
G1 F2400 X119.3250 Y119.3250 E0.87230
G1 F2400 X119.3250 Y100.6750 E0.87230
G1 F2400 X100.6750 Y100.6750 E0.87230
G1 F2100 E-1.00000
G0 F7200 X116.6750 Y116.6750
G1 F2100 E1.00000
G1 F2400 X103.3250 Y116.6750 E0.62441
G1 F2400 X103.3250 Y103.3250 E0.62441
G1 F2400 X116.6750 Y103.3250 E0.62441
G1 F2400 X116.6750 Y116.6750 E0.62441
G1 F2100 E-1.00000
G0 F7200 X101.1250 Y101.1250
G1 F2100 E1.00000
G1 F2400 X101.1250 Y118.8750 E0.83020
G1 F2400 X118.8750 Y118.8750 E0.83020
G1 F2400 X118.8750 Y101.1250 E0.83020
G1 F2400 X101.1250 Y101.1250 E0.83020
G1 F2100 E-1.00000
G0 F7200 X117.1250 Y117.1250
G1 F2100 E1.00000
G1 F2400 X102.8750 Y117.1250 E0.66650
G1 F2400 X102.8750 Y102.8750 E0.66650
G1 F2400 X117.1250 Y102.8750 E0.66650
G1 F2400 X117.1250 Y117.1250 E0.66650
;TYPE:Internal infill
;WIDTH:0.4500
G1 F2100 E-1.00000
G0 F7200 X116.0519 Y117.3500
G1 F2100 E1.00000
G1 F2400 X116.1267 Y117.6427 E0.01413
G1 F2400 X116.2180 Y118.2575 E0.02907
G1 F2400 X116.3137 Y118.6500 E0.01889
G1 F2100 E-1.00000
G0 F7200 X118.6500 Y116.9867
G1 F2100 E1.00000
G1 F2400 X118.4777 Y116.7039 E0.01549
G1 F2400 X118.3393 Y116.1362 E0.02733
G1 F2400 X118.2480 Y115.5213 E0.02907
G1 F2400 X118.1042 Y114.9590 E0.02715
G1 F2400 X117.8282 Y114.5290 E0.02390
G1 F2400 X117.3905 Y114.2605 E0.02401
G1 F2400 X117.3500 Y114.2506 E0.00195
G1 F2100 E-1.00000
G0 F7200 X118.6500 Y111.9564
G1 F2100 E1.00000
G1 F2400 X118.3299 Y111.9089 E0.01514
G1 F2400 X117.7669 Y111.7658 E0.02717
G1 F2400 X117.3500 Y111.4999 E0.02313
G1 F2100 E-1.00000
G0 F7200 X118.6500 Y106.9289
G1 F2100 E1.00000
G1 F2400 X118.5402 Y106.7557 E0.00959
G1 F2400 X118.1047 Y106.4851 E0.02398
G1 F2400 X117.5390 Y106.3447 E0.02726
G1 F2400 X117.3500 Y106.3166 E0.00894
G1 F2100 E-1.00000
G0 F7200 X118.6500 Y104.0328
G1 F2100 E1.00000
G1 F2400 X118.4811 Y103.9904 E0.00815
G1 F2400 X118.0477 Y103.7176 E0.02395
G1 F2400 X117.7760 Y103.2832 E0.02397
G1 F2400 X117.6349 Y102.7181 E0.02724
G1 F2400 X117.5437 Y102.1032 E0.02908
G1 F2400 X117.4027 Y101.5382 E0.02724
G1 F2400 X117.2850 Y101.3500 E0.01038
G1 F2100 E-1.00000
G0 F7200 X113.1178 Y102.6500
G1 F2100 E1.00000
G1 F2400 X112.8313 Y102.5789 E0.01381
G1 F2400 X112.3958 Y102.3083 E0.02398
G1 F2400 X112.1219 Y101.8760 E0.02393
G1 F2400 X111.9890 Y101.3500 E0.02538
G1 F2100 E-1.00000
G0 F7200 X109.7253 Y102.6500
G1 F2100 E1.00000
G1 F2400 X109.6272 Y102.2524 E0.01915
G1 F2400 X109.3577 Y101.8158 E0.02400
G1 F2400 X108.9265 Y101.5408 E0.02392
G1 F2400 X108.3635 Y101.3977 E0.02717
G1 F2400 X108.0420 Y101.3500 E0.01520
G1 F2100 E-1.00000
G0 F7200 X104.3849 Y102.6500
G1 F2100 E1.00000
G1 F2400 X104.3465 Y102.5902 E0.00332
G1 F2400 X104.2027 Y102.0279 E0.02715
G1 F2400 X104.1115 Y101.4130 E0.02907
G1 F2400 X104.0961 Y101.3500 E0.00303
G1 F2100 E-1.00000
G0 F7200 X101.3500 Y102.3764
G1 F2100 E1.00000
G1 F2400 X101.5844 Y102.5279 E0.01305
G1 F2400 X101.8517 Y102.9666 E0.02403
G1 F2400 X101.9902 Y103.5343 E0.02733
G1 F2400 X102.0814 Y104.1492 E0.02907
G1 F2400 X102.2252 Y104.7115 E0.02715
G1 F2400 X102.5013 Y105.1416 E0.02390
G1 F2400 X102.6500 Y105.2328 E0.00816
G1 F2100 E-1.00000
G0 F7200 X102.6500 Y107.9605
G1 F2100 E1.00000
G1 F2400 X102.5626 Y107.9048 E0.00485
G1 F2400 X101.9996 Y107.7617 E0.02717
G1 F2400 X101.3847 Y107.6704 E0.02907
G1 F2400 X101.3500 Y107.6619 E0.00167
G1 F2100 E-1.00000
G0 F7200 X101.3500 Y111.7647
G1 F2100 E1.00000
G1 F2400 X101.3729 Y111.9190 E0.00729
G1 F2400 X101.5153 Y112.4826 E0.02719
G1 F2400 X101.7892 Y112.9149 E0.02393
G1 F2400 X102.2247 Y113.1855 E0.02398
G1 F2400 X102.6500 Y113.2911 E0.02050
G1 F2100 E-1.00000
G0 F7200 X101.3500 Y115.5550
G1 F2100 E1.00000
G1 F2400 X101.8484 Y115.6802 E0.02403
G1 F2400 X102.2817 Y115.9530 E0.02395
G1 F2400 X102.5534 Y116.3874 E0.02397
G1 F2400 X102.6500 Y116.7742 E0.01865
G1 F2100 E-1.00000
G0 F7200 X102.7535 Y117.3500
G1 F2100 E1.00000
G1 F2400 X102.7857 Y117.5674 E0.01028
G1 F2400 X102.9268 Y118.1324 E0.02724
G1 F2400 X103.1985 Y118.5668 E0.02397
G1 F2400 X103.3306 Y118.6500 E0.00730
G1 F2100 E-1.00000
G0 F7200 X107.9139 Y117.3500
G1 F2100 E1.00000
G1 F2400 X107.9336 Y117.3623 E0.00109
G1 F2400 X108.2075 Y117.7945 E0.02393
G1 F2400 X108.3500 Y118.3582 E0.02719
G1 F2400 X108.3932 Y118.6500 E0.01380
G1 F2100 E-1.00000
G0 F7200 X110.6854 Y117.3500
G1 F2100 E1.00000
G1 F2400 X110.7022 Y117.4182 E0.00328
G1 F2400 X110.9718 Y117.8548 E0.02400
G1 F2400 X111.4029 Y118.1297 E0.02392
G1 F2400 X111.9659 Y118.2729 E0.02717
G1 F2400 X112.5808 Y118.3641 E0.02907
G1 F2400 X113.1479 Y118.5032 E0.02731
G1 F2400 X113.3872 Y118.6500 E0.01314
;LAYER_CHANGE
;Z:9.500
;HEIGHT:0.250
; LAYER:37
G1 F7200 Z9.5000
;TYPE:External perimeter
;WIDTH:0.4500
G1 F2100 E-1.00000
G0 F7200 X100.2250 Y100.2250
G1 F2100 E1.00000
G1 F2400 X100.2250 Y119.7750 E0.91439
G1 F2400 X119.7750 Y119.7750 E0.91439
G1 F2400 X119.7750 Y100.2250 E0.91439
G1 F2400 X100.2250 Y100.2250 E0.91439
G1 F2100 E-1.00000
G0 F7200 X116.2250 Y116.2250
G1 F2100 E1.00000
G1 F2400 X103.7750 Y116.2250 E0.58231
G1 F2400 X103.7750 Y103.7750 E0.58231
G1 F2400 X116.2250 Y103.7750 E0.58231
G1 F2400 X116.2250 Y116.2250 E0.58231
;TYPE:Perimeter
;WIDTH:0.4500
G1 F2100 E-1.00000
G0 F7200 X100.6750 Y100.6750
G1 F2100 E1.00000
G1 F2400 X100.6750 Y119.3250 E0.87230
G1 F2400 X119.3250 Y119.3250 E0.87230
G1 F2400 X119.3250 Y100.6750 E0.87230
G1 F2400 X100.6750 Y100.6750 E0.87230
G1 F2100 E-1.00000
G0 F7200 X116.6750 Y116.6750
G1 F2100 E1.00000
G1 F2400 X103.3250 Y116.6750 E0.62441
G1 F2400 X103.3250 Y103.3250 E0.62441
G1 F2400 X116.6750 Y103.3250 E0.62441
G1 F2400 X116.6750 Y116.6750 E0.62441
G1 F2100 E-1.00000
G0 F7200 X101.1250 Y101.1250
G1 F2100 E1.00000
G1 F2400 X101.1250 Y118.8750 E0.83020
G1 F2400 X118.8750 Y118.8750 E0.83020
G1 F2400 X118.8750 Y101.1250 E0.83020
G1 F2400 X101.1250 Y101.1250 E0.83020
G1 F2100 E-1.00000
G0 F7200 X117.1250 Y117.1250
G1 F2100 E1.00000
G1 F2400 X102.8750 Y117.1250 E0.66650
G1 F2400 X102.8750 Y102.8750 E0.66650
G1 F2400 X117.1250 Y102.8750 E0.66650
G1 F2400 X117.1250 Y117.1250 E0.66650
;TYPE:Internal infill
;WIDTH:0.4500
G1 F2100 E-1.00000
G0 F7200 X118.6500 Y117.2850
G1 F2100 E1.00000
G1 F2400 X118.4618 Y117.4027 E0.01038
G1 F2400 X117.8968 Y117.5437 E0.02724
G1 F2400 X117.2819 Y117.6349 E0.02908
G1 F2400 X116.7168 Y117.7760 E0.02724
G1 F2400 X116.2824 Y118.0477 E0.02397
G1 F2400 X116.0096 Y118.4811 E0.02395
G1 F2400 X115.9672 Y118.6500 E0.00815
G1 F2100 E-1.00000
G0 F7200 X113.6834 Y117.3500
G1 F2100 E1.00000
G1 F2400 X113.6553 Y117.5390 E0.00894
G1 F2400 X113.5149 Y118.1047 E0.02726
G1 F2400 X113.2443 Y118.5402 E0.02398
G1 F2400 X113.0711 Y118.6500 E0.00959
G1 F2100 E-1.00000
G0 F7200 X108.5001 Y117.3500
G1 F2100 E1.00000
G1 F2400 X108.2342 Y117.7669 E0.02313
G1 F2400 X108.0911 Y118.3299 E0.02717
G1 F2400 X108.0436 Y118.6500 E0.01514
G1 F2100 E-1.00000
G0 F7200 X105.7494 Y117.3500
G1 F2100 E1.00000
G1 F2400 X105.7395 Y117.3905 E0.00195
G1 F2400 X105.4710 Y117.8282 E0.02401
G1 F2400 X105.0410 Y118.1042 E0.02390
G1 F2400 X104.4787 Y118.2480 E0.02715
G1 F2400 X103.8638 Y118.3393 E0.02907
G1 F2400 X103.2961 Y118.4777 E0.02733
G1 F2400 X103.0133 Y118.6500 E0.01549
G1 F2100 E-1.00000
G0 F7200 X102.6500 Y116.0519
G1 F2100 E1.00000
G1 F2400 X102.3573 Y116.1267 E0.01413
G1 F2400 X101.7425 Y116.2180 E0.02907
G1 F2400 X101.3500 Y116.3137 E0.01889
G1 F2100 E-1.00000
G0 F7200 X101.3500 Y113.3872
G1 F2100 E1.00000
G1 F2400 X101.4968 Y113.1479 E0.01314
G1 F2400 X101.6359 Y112.5808 E0.02731
G1 F2400 X101.7271 Y111.9659 E0.02907
G1 F2400 X101.8703 Y111.4029 E0.02717
G1 F2400 X102.1452 Y110.9718 E0.02392
G1 F2400 X102.5818 Y110.7022 E0.02400
G1 F2400 X102.6500 Y110.6854 E0.00328
G1 F2100 E-1.00000
G0 F7200 X101.3500 Y108.3932
G1 F2100 E1.00000
G1 F2400 X101.6418 Y108.3500 E0.01380
G1 F2400 X102.2055 Y108.2075 E0.02719
G1 F2400 X102.6377 Y107.9336 E0.02393
G1 F2400 X102.6500 Y107.9139 E0.00109
G1 F2100 E-1.00000
G0 F7200 X101.3500 Y103.3306
G1 F2100 E1.00000
G1 F2400 X101.4332 Y103.1985 E0.00730
G1 F2400 X101.8676 Y102.9268 E0.02397
G1 F2400 X102.4326 Y102.7857 E0.02724
G1 F2400 X102.6500 Y102.7535 E0.01028
G1 F2100 E-1.00000
G0 F7200 X103.2258 Y102.6500
G1 F2100 E1.00000
G1 F2400 X103.6126 Y102.5534 E0.01865
G1 F2400 X104.0470 Y102.2817 E0.02397
G1 F2400 X104.3198 Y101.8484 E0.02395
G1 F2400 X104.4450 Y101.3500 E0.02403
G1 F2100 E-1.00000
G0 F7200 X106.7089 Y102.6500
G1 F2100 E1.00000
G1 F2400 X106.8145 Y102.2247 E0.02050
G1 F2400 X107.0851 Y101.7892 E0.02398
G1 F2400 X107.5174 Y101.5153 E0.02393
G1 F2400 X108.0810 Y101.3729 E0.02719
G1 F2400 X108.2353 Y101.3500 E0.00729
G1 F2100 E-1.00000
G0 F7200 X112.0395 Y102.6500
G1 F2100 E1.00000
G1 F2400 X112.0952 Y102.5626 E0.00485
G1 F2400 X112.2383 Y101.9996 E0.02717
G1 F2400 X112.3296 Y101.3847 E0.02907
G1 F2400 X112.3381 Y101.3500 E0.00167
G1 F2100 E-1.00000
G0 F7200 X114.7672 Y102.6500
G1 F2100 E1.00000
G1 F2400 X114.8584 Y102.5013 E0.00816
G1 F2400 X115.2885 Y102.2252 E0.02390
G1 F2400 X115.8508 Y102.0814 E0.02715
G1 F2400 X116.4657 Y101.9902 E0.02907
G1 F2400 X117.0334 Y101.8517 E0.02733
G1 F2400 X117.4721 Y101.5844 E0.02403
G1 F2400 X117.6236 Y101.3500 E0.01305
G1 F2100 E-1.00000
G0 F7200 X118.6500 Y104.0961
G1 F2100 E1.00000
G1 F2400 X118.5870 Y104.1115 E0.00303
G1 F2400 X117.9721 Y104.2027 E0.02907
G1 F2400 X117.4098 Y104.3465 E0.02715
G1 F2400 X117.3500 Y104.3849 E0.00332
G1 F2100 E-1.00000
G0 F7200 X118.6500 Y108.0420
G1 F2100 E1.00000
G1 F2400 X118.6023 Y108.3635 E0.01520
G1 F2400 X118.4592 Y108.9265 E0.02717
G1 F2400 X118.1842 Y109.3577 E0.02392
G1 F2400 X117.7476 Y109.6272 E0.02400
G1 F2400 X117.3500 Y109.7253 E0.01915
G1 F2100 E-1.00000
G0 F7200 X118.6500 Y111.9890
G1 F2100 E1.00000
G1 F2400 X118.1240 Y112.1219 E0.02538
G1 F2400 X117.6917 Y112.3958 E0.02393
G1 F2400 X117.4211 Y112.8313 E0.02398
G1 F2400 X117.3500 Y113.1178 E0.01381
;LAYER_CHANGE
;Z:9.750
;HEIGHT:0.250
; LAYER:38
G1 F7200 Z9.7500
;TYPE:External perimeter
;WIDTH:0.4500
G1 F2100 E-1.00000
G0 F7200 X100.2250 Y100.2250
G1 F2100 E1.00000
G1 F2400 X100.2250 Y119.7750 E0.91439
G1 F2400 X119.7750 Y119.7750 E0.91439
G1 F2400 X119.7750 Y100.2250 E0.91439
G1 F2400 X100.2250 Y100.2250 E0.91439
G1 F2100 E-1.00000
G0 F7200 X116.2250 Y116.2250
G1 F2100 E1.00000
G1 F2400 X103.7750 Y116.2250 E0.58231
G1 F2400 X103.7750 Y103.7750 E0.58231
G1 F2400 X116.2250 Y103.7750 E0.58231
G1 F2400 X116.2250 Y116.2250 E0.58231
;TYPE:Perimeter
;WIDTH:0.4500
G1 F2100 E-1.00000
G0 F7200 X100.6750 Y100.6750
G1 F2100 E1.00000
G1 F2400 X100.6750 Y119.3250 E0.87230
G1 F2400 X119.3250 Y119.3250 E0.87230
G1 F2400 X119.3250 Y100.6750 E0.87230
G1 F2400 X100.6750 Y100.6750 E0.87230
G1 F2100 E-1.00000
G0 F7200 X116.6750 Y116.6750
G1 F2100 E1.00000
G1 F2400 X103.3250 Y116.6750 E0.62441
G1 F2400 X103.3250 Y103.3250 E0.62441
G1 F2400 X116.6750 Y103.3250 E0.62441
G1 F2400 X116.6750 Y116.6750 E0.62441
G1 F2100 E-1.00000
G0 F7200 X101.1250 Y101.1250
G1 F2100 E1.00000
G1 F2400 X101.1250 Y118.8750 E0.83020
G1 F2400 X118.8750 Y118.8750 E0.83020
G1 F2400 X118.8750 Y101.1250 E0.83020
G1 F2400 X101.1250 Y101.1250 E0.83020
G1 F2100 E-1.00000
G0 F7200 X117.1250 Y117.1250
G1 F2100 E1.00000
G1 F2400 X102.8750 Y117.1250 E0.66650
G1 F2400 X102.8750 Y102.8750 E0.66650
G1 F2400 X117.1250 Y102.8750 E0.66650
G1 F2400 X117.1250 Y117.1250 E0.66650
;TYPE:Internal infill
;WIDTH:0.4500
G1 F2100 E-1.00000
G0 F7200 X116.0519 Y117.3500
G1 F2100 E1.00000
G1 F2400 X116.1267 Y117.6427 E0.01413
G1 F2400 X116.2180 Y118.2575 E0.02907
G1 F2400 X116.3137 Y118.6500 E0.01889
G1 F2100 E-1.00000
G0 F7200 X118.6500 Y116.9867
G1 F2100 E1.00000
G1 F2400 X118.4777 Y116.7039 E0.01549
G1 F2400 X118.3393 Y116.1362 E0.02733
G1 F2400 X118.2480 Y115.5213 E0.02907
G1 F2400 X118.1042 Y114.9590 E0.02715
G1 F2400 X117.8282 Y114.5290 E0.02390
G1 F2400 X117.3905 Y114.2605 E0.02401
G1 F2400 X117.3500 Y114.2506 E0.00195
G1 F2100 E-1.00000
G0 F7200 X118.6500 Y111.9564
G1 F2100 E1.00000
G1 F2400 X118.3299 Y111.9089 E0.01514
G1 F2400 X117.7669 Y111.7658 E0.02717
G1 F2400 X117.3500 Y111.4999 E0.02313
G1 F2100 E-1.00000
G0 F7200 X118.6500 Y106.9289
G1 F2100 E1.00000
G1 F2400 X118.5402 Y106.7557 E0.00959
G1 F2400 X118.1047 Y106.4851 E0.02398
G1 F2400 X117.5390 Y106.3447 E0.02726
G1 F2400 X117.3500 Y106.3166 E0.00894
G1 F2100 E-1.00000
G0 F7200 X118.6500 Y104.0328
G1 F2100 E1.00000
G1 F2400 X118.4811 Y103.9904 E0.00815
G1 F2400 X118.0477 Y103.7176 E0.02395
G1 F2400 X117.7760 Y103.2832 E0.02397
G1 F2400 X117.6349 Y102.7181 E0.02724
G1 F2400 X117.5437 Y102.1032 E0.02908
G1 F2400 X117.4027 Y101.5382 E0.02724
G1 F2400 X117.2850 Y101.3500 E0.01038
G1 F2100 E-1.00000
G0 F7200 X113.1178 Y102.6500
G1 F2100 E1.00000
G1 F2400 X112.8313 Y102.5789 E0.01381
G1 F2400 X112.3958 Y102.3083 E0.02398
G1 F2400 X112.1219 Y101.8760 E0.02393
G1 F2400 X111.9890 Y101.3500 E0.02538
G1 F2100 E-1.00000
G0 F7200 X109.7253 Y102.6500
G1 F2100 E1.00000
G1 F2400 X109.6272 Y102.2524 E0.01915
G1 F2400 X109.3577 Y101.8158 E0.02400
G1 F2400 X108.9265 Y101.5408 E0.02392
G1 F2400 X108.3635 Y101.3977 E0.02717
G1 F2400 X108.0420 Y101.3500 E0.01520
G1 F2100 E-1.00000
G0 F7200 X104.3849 Y102.6500
G1 F2100 E1.00000
G1 F2400 X104.3465 Y102.5902 E0.00332
G1 F2400 X104.2027 Y102.0279 E0.02715
G1 F2400 X104.1115 Y101.4130 E0.02907
G1 F2400 X104.0961 Y101.3500 E0.00303
G1 F2100 E-1.00000
G0 F7200 X101.3500 Y102.3764
G1 F2100 E1.00000
G1 F2400 X101.5844 Y102.5279 E0.01305
G1 F2400 X101.8517 Y102.9666 E0.02403
G1 F2400 X101.9902 Y103.5343 E0.02733
G1 F2400 X102.0814 Y104.1492 E0.02907
G1 F2400 X102.2252 Y104.7115 E0.02715
G1 F2400 X102.5013 Y105.1416 E0.02390
G1 F2400 X102.6500 Y105.2328 E0.00816
G1 F2100 E-1.00000
G0 F7200 X102.6500 Y107.9605
G1 F2100 E1.00000
G1 F2400 X102.5626 Y107.9048 E0.00485
G1 F2400 X101.9996 Y107.7617 E0.02717
G1 F2400 X101.3847 Y107.6704 E0.02907
G1 F2400 X101.3500 Y107.6619 E0.00167
G1 F2100 E-1.00000
G0 F7200 X101.3500 Y111.7647
G1 F2100 E1.00000
G1 F2400 X101.3729 Y111.9190 E0.00729
G1 F2400 X101.5153 Y112.4826 E0.02719
G1 F2400 X101.7892 Y112.9149 E0.02393
G1 F2400 X102.2247 Y113.1855 E0.02398
G1 F2400 X102.6500 Y113.2911 E0.02050
G1 F2100 E-1.00000
G0 F7200 X101.3500 Y115.5550
G1 F2100 E1.00000
G1 F2400 X101.8484 Y115.6802 E0.02403
G1 F2400 X102.2817 Y115.9530 E0.02395
G1 F2400 X102.5534 Y116.3874 E0.02397
G1 F2400 X102.6500 Y116.7742 E0.01865
G1 F2100 E-1.00000
G0 F7200 X102.7535 Y117.3500
G1 F2100 E1.00000
G1 F2400 X102.7857 Y117.5674 E0.01028
G1 F2400 X102.9268 Y118.1324 E0.02724
G1 F2400 X103.1985 Y118.5668 E0.02397
G1 F2400 X103.3306 Y118.6500 E0.00730
G1 F2100 E-1.00000
G0 F7200 X107.9139 Y117.3500
G1 F2100 E1.00000
G1 F2400 X107.9336 Y117.3623 E0.00109
G1 F2400 X108.2075 Y117.7945 E0.02393
G1 F2400 X108.3500 Y118.3582 E0.02719
G1 F2400 X108.3932 Y118.6500 E0.01380
G1 F2100 E-1.00000
G0 F7200 X110.6854 Y117.3500
G1 F2100 E1.00000
G1 F2400 X110.7022 Y117.4182 E0.00328
G1 F2400 X110.9718 Y117.8548 E0.02400
G1 F2400 X111.4029 Y118.1297 E0.02392
G1 F2400 X111.9659 Y118.2729 E0.02717
G1 F2400 X112.5808 Y118.3641 E0.02907
G1 F2400 X113.1479 Y118.5032 E0.02731
G1 F2400 X113.3872 Y118.6500 E0.01314
;LAYER_CHANGE
;Z:10.000
;HEIGHT:0.250
; LAYER:39
G1 F7200 Z10.0000
;TYPE:External perimeter
;WIDTH:0.4500
G1 F2100 E-1.00000
G0 F7200 X100.2250 Y100.2250
G1 F2100 E1.00000
G1 F2400 X100.2250 Y119.7750 E0.91439
G1 F2400 X119.7750 Y119.7750 E0.91439
G1 F2400 X119.7750 Y100.2250 E0.91439
G1 F2400 X100.2250 Y100.2250 E0.91439
G1 F2100 E-1.00000
G0 F7200 X116.2250 Y116.2250
G1 F2100 E1.00000
G1 F2400 X103.7750 Y116.2250 E0.58231
G1 F2400 X103.7750 Y103.7750 E0.58231
G1 F2400 X116.2250 Y103.7750 E0.58231
G1 F2400 X116.2250 Y116.2250 E0.58231
;TYPE:Perimeter
;WIDTH:0.4500
G1 F2100 E-1.00000
G0 F7200 X100.6750 Y100.6750
G1 F2100 E1.00000
G1 F2400 X100.6750 Y119.3250 E0.87230
G1 F2400 X119.3250 Y119.3250 E0.87230
G1 F2400 X119.3250 Y100.6750 E0.87230
G1 F2400 X100.6750 Y100.6750 E0.87230
G1 F2100 E-1.00000
G0 F7200 X116.6750 Y116.6750
G1 F2100 E1.00000
G1 F2400 X103.3250 Y116.6750 E0.62441
G1 F2400 X103.3250 Y103.3250 E0.62441
G1 F2400 X116.6750 Y103.3250 E0.62441
G1 F2400 X116.6750 Y116.6750 E0.62441
G1 F2100 E-1.00000
G0 F7200 X101.1250 Y101.1250
G1 F2100 E1.00000
G1 F2400 X101.1250 Y118.8750 E0.83020
G1 F2400 X118.8750 Y118.8750 E0.83020
G1 F2400 X118.8750 Y101.1250 E0.83020
G1 F2400 X101.1250 Y101.1250 E0.83020
G1 F2100 E-1.00000
G0 F7200 X117.1250 Y117.1250
G1 F2100 E1.00000
G1 F2400 X102.8750 Y117.1250 E0.66650
G1 F2400 X102.8750 Y102.8750 E0.66650
G1 F2400 X117.1250 Y102.8750 E0.66650
G1 F2400 X117.1250 Y117.1250 E0.66650
;TYPE:Internal infill
;WIDTH:0.4500
G1 F2100 E-1.00000
G0 F7200 X118.6500 Y117.2850
G1 F2100 E1.00000
G1 F2400 X118.4618 Y117.4027 E0.01038
G1 F2400 X117.8968 Y117.5437 E0.02724
G1 F2400 X117.2819 Y117.6349 E0.02908
G1 F2400 X116.7168 Y117.7760 E0.02724
G1 F2400 X116.2824 Y118.0477 E0.02397
G1 F2400 X116.0096 Y118.4811 E0.02395
G1 F2400 X115.9672 Y118.6500 E0.00815
G1 F2100 E-1.00000
G0 F7200 X113.6834 Y117.3500
G1 F2100 E1.00000
G1 F2400 X113.6553 Y117.5390 E0.00894
G1 F2400 X113.5149 Y118.1047 E0.02726
G1 F2400 X113.2443 Y118.5402 E0.02398
G1 F2400 X113.0711 Y118.6500 E0.00959
G1 F2100 E-1.00000
G0 F7200 X108.5001 Y117.3500
G1 F2100 E1.00000
G1 F2400 X108.2342 Y117.7669 E0.02313
G1 F2400 X108.0911 Y118.3299 E0.02717
G1 F2400 X108.0436 Y118.6500 E0.01514
G1 F2100 E-1.00000
G0 F7200 X105.7494 Y117.3500
G1 F2100 E1.00000
G1 F2400 X105.7395 Y117.3905 E0.00195
G1 F2400 X105.4710 Y117.8282 E0.02401
G1 F2400 X105.0410 Y118.1042 E0.02390
G1 F2400 X104.4787 Y118.2480 E0.02715
G1 F2400 X103.8638 Y118.3393 E0.02907
G1 F2400 X103.2961 Y118.4777 E0.02733
G1 F2400 X103.0133 Y118.6500 E0.01549
G1 F2100 E-1.00000
G0 F7200 X102.6500 Y116.0519
G1 F2100 E1.00000
G1 F2400 X102.3573 Y116.1267 E0.01413
G1 F2400 X101.7425 Y116.2180 E0.02907
G1 F2400 X101.3500 Y116.3137 E0.01889
G1 F2100 E-1.00000
G0 F7200 X101.3500 Y113.3872
G1 F2100 E1.00000
G1 F2400 X101.4968 Y113.1479 E0.01314
G1 F2400 X101.6359 Y112.5808 E0.02731
G1 F2400 X101.7271 Y111.9659 E0.02907
G1 F2400 X101.8703 Y111.4029 E0.02717
G1 F2400 X102.1452 Y110.9718 E0.02392
G1 F2400 X102.5818 Y110.7022 E0.02400
G1 F2400 X102.6500 Y110.6854 E0.00328
G1 F2100 E-1.00000
G0 F7200 X101.3500 Y108.3932
G1 F2100 E1.00000
G1 F2400 X101.6418 Y108.3500 E0.01380
G1 F2400 X102.2055 Y108.2075 E0.02719
G1 F2400 X102.6377 Y107.9336 E0.02393
G1 F2400 X102.6500 Y107.9139 E0.00109
G1 F2100 E-1.00000
G0 F7200 X101.3500 Y103.3306
G1 F2100 E1.00000
G1 F2400 X101.4332 Y103.1985 E0.00730
G1 F2400 X101.8676 Y102.9268 E0.02397
G1 F2400 X102.4326 Y102.7857 E0.02724
G1 F2400 X102.6500 Y102.7535 E0.01028
G1 F2100 E-1.00000
G0 F7200 X103.2258 Y102.6500
G1 F2100 E1.00000
G1 F2400 X103.6126 Y102.5534 E0.01865
G1 F2400 X104.0470 Y102.2817 E0.02397
G1 F2400 X104.3198 Y101.8484 E0.02395
G1 F2400 X104.4450 Y101.3500 E0.02403
G1 F2100 E-1.00000
G0 F7200 X106.7089 Y102.6500
G1 F2100 E1.00000
G1 F2400 X106.8145 Y102.2247 E0.02050
G1 F2400 X107.0851 Y101.7892 E0.02398
G1 F2400 X107.5174 Y101.5153 E0.02393
G1 F2400 X108.0810 Y101.3729 E0.02719
G1 F2400 X108.2353 Y101.3500 E0.00729
G1 F2100 E-1.00000
G0 F7200 X112.0395 Y102.6500
G1 F2100 E1.00000
G1 F2400 X112.0952 Y102.5626 E0.00485
G1 F2400 X112.2383 Y101.9996 E0.02717
G1 F2400 X112.3296 Y101.3847 E0.02907
G1 F2400 X112.3381 Y101.3500 E0.00167
G1 F2100 E-1.00000
G0 F7200 X114.7672 Y102.6500
G1 F2100 E1.00000
G1 F2400 X114.8584 Y102.5013 E0.00816
G1 F2400 X115.2885 Y102.2252 E0.02390
G1 F2400 X115.8508 Y102.0814 E0.02715
G1 F2400 X116.4657 Y101.9902 E0.02907
G1 F2400 X117.0334 Y101.8517 E0.02733
G1 F2400 X117.4721 Y101.5844 E0.02403
G1 F2400 X117.6236 Y101.3500 E0.01305
G1 F2100 E-1.00000
G0 F7200 X118.6500 Y104.0961
G1 F2100 E1.00000
G1 F2400 X118.5870 Y104.1115 E0.00303
G1 F2400 X117.9721 Y104.2027 E0.02907
G1 F2400 X117.4098 Y104.3465 E0.02715
G1 F2400 X117.3500 Y104.3849 E0.00332
G1 F2100 E-1.00000
G0 F7200 X118.6500 Y108.0420
G1 F2100 E1.00000
G1 F2400 X118.6023 Y108.3635 E0.01520
G1 F2400 X118.4592 Y108.9265 E0.02717
G1 F2400 X118.1842 Y109.3577 E0.02392
G1 F2400 X117.7476 Y109.6272 E0.02400
G1 F2400 X117.3500 Y109.7253 E0.01915
G1 F2100 E-1.00000
G0 F7200 X118.6500 Y111.9890
G1 F2100 E1.00000
G1 F2400 X118.1240 Y112.1219 E0.02538
G1 F2400 X117.6917 Y112.3958 E0.02393
G1 F2400 X117.4211 Y112.8313 E0.02398
G1 F2400 X117.3500 Y113.1178 E0.01381
;TYPE:Custom
; End of print
G1 F2100 E-1.00000
M104 S0 ; nozzle heater off
M140 S0 ; bed heater off
M84 ; disable motors
; filament used: 776.3 mm
